Id,Label,timeset,indegree,outdegree,degree,weighted indegree,weighted outdegree,weighted degree,Eccentricity,closnesscentrality,harmonicclosnesscentrality,betweenesscentrality,Authority,Hub,modularity_class,pageranks,componentnumber,strongcompnum,clustering,eigencentrality
tsuyo,tsuyo,,0,26,26,0,26,26,5,0.461988,0.596624,0,0,0.03526,52,0.000646,0,70,0,0
45123794,45123794,,1,0,1,1,0,1,0,0,0,0,0.00289,0,52,0.000668,0,69,0,0.002219
Suxyue,Suxyue,,1,47,48,1,47,48,2,0.679389,0.764045,1096,0.007209,0.042496,41,0.000668,0,154,0.003546,0.042986
119113192,119113192,,2,1,3,2,1,3,1,1,1,15,0.003506,0,41,0.001208,0,153,0,0.019849
muchoukong,muchoukong,,0,1,1,0,1,1,2,0.666667,0.75,0,0,0.000287,41,0.000646,0,155,0,0
46951035,46951035,,1,1,2,1,1,2,4,0.344828,0.408333,0,0,0,0,0.002161,1,156,0,0.04723
144245138,144245138,,3,3,6,3,3,6,3,0.5,0.6,49,0,0,0,0.005346,1,156,0,0.174087
51711592,51711592,,2,2,4,2,2,4,4,0.37037,0.475,19,0,0,0,0.004243,1,156,0,0.057257
141890031,141890031,,4,4,8,4,4,8,3,0.588235,0.683333,52.75,0,0,0,0.004983,1,156,0.333333,0.603999
gallimard,gallimard,,5,65,70,5,65,70,6,0.498645,0.622192,2013,0.002679,0.087971,49,0.001673,0,230,0.003166,0.104089
36795841,36795841,,1,0,1,1,0,1,0,0,0,0,0.007209,0,49,0.000668,0,229,0,0.042986
melodiawon,melodiawon,,0,3,3,0,3,3,1,1,1,0,0,0,48,0.000646,2,234,0,0
44816197,44816197,,1,0,1,1,0,1,0,0,0,0,0,0,48,0.00083,2,233,0,0.002219
nimamui,nimamui,,1,147,148,1,147,148,7,0.687879,0.813184,211.5,0.003481,0.9906,7,0.000716,0,385,0.000466,0.006205
qianqian7xh,qianqian7xh,,1,0,1,1,0,1,0,0,0,0,0.081181,0,7,0.000651,0,384,0,0.006205
78196859,78196859,,3,3,6,3,3,6,1,1,1,12,0,0.000001,20,0.011751,0,386,0,0.041388
147328212,147328212,,2,1,3,2,1,3,2,0.6,0.666667,3,0,0,20,0.004525,0,386,0,0.023984
angela.dashen,angela.dashen,,0,1,1,0,1,1,3,0.444444,0.541667,0,0,0,20,0.000646,0,387,0,0
liuxt,liuxt,,1,0,1,1,0,1,0,0,0,0,0.081181,0,7,0.000651,0,383,0,0.006205
fiona_bau,fiona_bau,,1,1,2,1,1,2,6,0.276515,0.30137,0,0.000053,0,49,0.000884,0,395,0,0.006205
luhuarock,luhuarock,,1,5,6,1,5,6,5,0.380208,0.437215,72,0,0.000641,49,0.001398,0,395,0,0.006205
56643693,56643693,,6,1,7,6,1,7,1,1,1,19,0.008665,0,49,0.007175,0,185,0.066667,0.102966
127175461,127175461,,1,1,2,1,1,2,1,1,1,0,0,0.00071,49,0.00675,0,185,0,0.045288
49341787,49341787,,2,0,2,2,0,2,0,0,0,0,0.08173,0,7,0.0012,0,382,0,0.008425
douzie,douzie,,0,1,1,0,1,1,1,1,1,0,0,0.006698,7,0.000646,0,396,0,0
sunny3333,sunny3333,,0,2,2,0,2,2,3,0.461538,0.583333,0,0,0,33,0.000646,0,399,0,0
mrdalloway,mrdalloway,,3,2,5,3,2,5,2,0.571429,0.625,8,0,0.006698,33,0.001471,0,398,0.25,0.018616
Larkspurlazarus,Larkspurlazarus,,0,1,1,0,1,1,3,0.416667,0.5,0,0,0,33,0.000646,0,400,0,0
eisenhajime,eisenhajime,,1,1,2,1,1,2,1,1,1,0,0,0,1,0.004308,3,401,0,0.006205
68750511,68750511,,1,1,2,1,1,2,1,1,1,0,0,0,1,0.004308,3,401,0,0.006205
monkaju,monkaju,,2,0,2,2,0,2,0,0,0,0,0.084663,0,41,0.000663,0,151,0,0.023835
50659341,50659341,,1,0,1,1,0,1,0,0,0,0,0.00289,0,52,0.000668,0,68,0,0.002219
156952431,156952431,,1,1,2,1,1,2,1,1,1,0,0,0,2,0.004308,4,402,0,0.006205
145838255,145838255,,1,1,2,1,1,2,1,1,1,0,0,0,2,0.004308,4,402,0,0.006205
156016222,156016222,,1,1,2,1,1,2,4,0.384615,0.483333,0,0,0,52,0.002901,0,360,0,0.016187
153950189,153950189,,2,2,4,2,2,4,3,0.555556,0.666667,11,0,0,52,0.005305,0,360,0,0.031603
73056364,73056364,,3,3,6,3,3,6,2,0.714286,0.8,25,0.000004,0,52,0.00774,0,360,0,0.045564
74361597,74361597,,1,2,3,1,2,3,5,0.35,0.504762,12.5,0.003481,0.006984,52,0.000716,0,361,0,0.006205
156064887,156064887,,2,1,3,2,1,3,4,0.384615,0.483333,15,0.000576,0,52,0.003377,0,360,0,0.024153
149086690,149086690,,2,2,4,2,2,4,3,0.555556,0.666667,20,0,0.000048,52,0.00571,0,360,0,0.036088
124812731,124812731,,0,14,14,0,14,14,3,0.75,0.87037,0,0,0.000078,20,0.000646,0,415,0,0
147019613,147019613,,2,1,3,2,1,3,2,0.6,0.666667,3,0.000006,0,20,0.004015,0,386,0,0.023984
westjin,westjin,,1,0,1,1,0,1,0,0,0,0,0.003483,0,41,0.000658,0,150,0,0.01763
63909635,63909635,,0,1,1,0,1,1,1,1,1,0,0,0,0,0.000646,1,417,0,0
73095252,73095252,,2,0,2,2,0,2,0,0,0,0,0,0,0,0.001379,1,416,0,0.004439
58059885,58059885,,0,3,3,0,3,3,5,0.393939,0.515385,0,0,0,0,0.000646,1,419,0,0
83454541,83454541,,1,1,2,1,1,2,1,1,1,0,0,0,3,0.004308,5,420,0,0.006205
92981591,92981591,,1,1,2,1,1,2,1,1,1,0,0,0,3,0.004308,5,420,0,0.006205
76703785,76703785,,2,0,2,2,0,2,0,0,0,0,0.005668,0,15,0.000714,0,63,0,0.038774
fcbuxiaoxin,fcbuxiaoxin,,5,25,30,5,25,30,4,0.55102,0.692901,368.5,0.004014,0.026669,15,0.001622,0,64,0.001232,0.030969
58114980,58114980,,0,1,1,0,1,1,1,1,1,0,0,0,4,0.000646,6,422,0,0
137303234,137303234,,1,0,1,1,0,1,0,0,0,0,0,0,4,0.001196,6,421,0,0.002219
yvic,yvic,,1,18,19,1,18,19,2,0.95,0.973684,36,0.081181,0.009268,27,0.000651,0,345,0.002924,0.006205
129819393,129819393,,1,0,1,1,0,1,0,0,0,0,0.00076,0,27,0.000677,0,344,0,0.006205
122653269,122653269,,1,1,2,1,1,2,1,1,1,0,0,0,5,0.004308,7,423,0,0.006205
133939036,133939036,,1,1,2,1,1,2,1,1,1,0,0,0,5,0.004308,7,423,0,0.006205
Vivian1988724,Vivian1988724,,0,5,5,0,5,5,1,1,1,0,0,0.014427,22,0.000646,0,426,0,0
lovelovey,lovelovey,,2,0,2,2,0,2,0,0,0,0,0.082363,0,22,0.00076,0,381,0,0.008425
3744294,3744294,,0,1,1,0,1,1,1,1,1,0,0,0,6,0.000646,8,428,0,0
chichao,chichao,,1,0,1,1,0,1,0,0,0,0,0,0,6,0.001196,8,427,0,0.002219
62428038,62428038,,1,0,1,1,0,1,0,0,0,0,0.00076,0,27,0.000677,0,343,0,0.006205
caoyitiao,caoyitiao,,0,4,4,0,4,4,1,1,1,0,0,0.000023,26,0.000646,0,433,0,0
115471217,115471217,,1,0,1,1,0,1,0,0,0,0,0.000002,0,26,0.000784,0,432,0,0.002219
linghuli,linghuli,,2,3,5,2,3,5,2,0.8,0.875,51,0.000889,0.000005,27,0.001623,0,184,0,0.052772
2689782,2689782,,1,0,1,1,0,1,0,0,0,0,0,0,27,0.001106,0,183,0,0.022608
25919127,25919127,,0,22,22,0,22,22,3,0.818182,0.901235,0,0,0.003339,26,0.000646,0,447,0,0
64134058,64134058,,1,0,1,1,0,1,0,0,0,0,0.000274,0,26,0.000671,0,446,0,0.002219
Princess.,Princess.,,2,0,2,2,0,2,0,0,0,0,0.004242,0,27,0.000689,0,149,0,0.023835
109417606,109417606,,2,1,3,2,1,3,3,0.5,0.583333,16,0.000596,0,19,0.001469,0,450,0,0.026484
140594033,140594033,,1,3,4,1,3,4,2,0.8,0.875,15,0,0.00005,19,0.001895,0,450,0,0.014904
3794267,3794267,,1,8,9,1,8,9,6,0.424299,0.457342,7,0.081181,0.042473,7,0.000651,0,385,0.107143,0.006205
nir7vana,nir7vana,,2,0,2,2,0,2,0,0,0,0,0.084661,0,7,0.00072,0,362,1,0.012411
fhbaidu,fhbaidu,,1,0,1,1,0,1,0,0,0,0,0.081181,0,7,0.000651,0,380,0,0.006205
56430618,56430618,,1,1,2,1,1,2,1,1,1,0,0,0,8,0.004308,9,451,0,0.006205
53886643,53886643,,1,1,2,1,1,2,1,1,1,0,0,0,8,0.004308,9,451,0,0.006205
gudu-fish,gudu-fish,,1,1,2,1,1,2,1,1,1,13,0.000831,0,22,0.000727,0,189,0,0.035772
102262994,102262994,,1,0,1,1,0,1,0,0,0,0,0,0,22,0.001264,0,188,0,0.014611
76011688,76011688,,1,0,1,1,0,1,0,0,0,0,0.002186,0,15,0.000702,0,62,0,0.021144
belle,belle,,0,1,1,0,1,1,1,1,1,0,0,0,9,0.000646,10,453,0,0
58764888,58764888,,1,0,1,1,0,1,0,0,0,0,0,0,9,0.001196,10,452,0,0.002219
52991191,52991191,,1,0,1,1,0,1,0,0,0,0,0.000274,0,26,0.000671,0,445,0,0.002219
veronicaqbz,veronicaqbz,,1,0,1,1,0,1,0,0,0,0,0.081181,0,7,0.000651,0,379,0,0.006205
kapa49,kapa49,,2,2,4,2,2,4,2,0.75,0.833333,3,0.000935,0.00008,53,0.001915,0,456,0.166667,0.009686
yin1257,yin1257,,1,1,2,1,1,2,3,0.5,0.611111,0,0.000007,0.000077,53,0.00146,0,456,0,0.00893
jam119,jam119,,0,8,8,0,8,8,3,0.769231,0.883333,0,0,0.000117,27,0.000646,0,465,0,0
stayawesome,stayawesome,,1,0,1,1,0,1,0,0,0,0,0.00001,0,27,0.000715,0,464,0,0.002219
48521692,48521692,,1,0,1,1,0,1,0,0,0,0,0.000274,0,26,0.000671,0,444,0,0.002219
little-wen,little-wen,,2,0,2,2,0,2,0,0,0,0,0.08839,0,49,0.000672,0,228,0,0.049192
baobei930a,baobei930a,,1,0,1,1,0,1,0,0,0,0,0.002186,0,15,0.000702,0,61,0,0.021144
vignefei,vignefei,,0,20,20,0,20,20,7,0.362044,0.425778,0,0,0.011337,53,0.000646,0,480,0.015789,0
136558282,136558282,,1,0,1,1,0,1,0,0,0,0,0.000929,0,53,0.000674,0,479,0,0.002219
147813213,147813213,,2,0,2,2,0,2,0,0,0,0,0.08839,0,49,0.000672,0,227,0,0.049192
GeoLogus,GeoLogus,,0,3,3,0,3,3,1,1,1,0,0,0.001219,21,0.000646,0,482,0,0
51121274,51121274,,3,0,3,3,0,3,0,0,0,0,0.007365,0,21,0.001747,0,181,0,0.072093
drennuz,drennuz,,3,2,5,3,2,5,2,0.666667,0.75,21,0.000058,0.000676,21,0.002106,0,184,0.166667,0.060016
haidiaozyx,haidiaozyx,,1,0,1,1,0,1,0,0,0,0,0.007209,0,49,0.000668,0,226,0,0.042986
penjing1026,penjing1026,,1,1,2,1,1,2,1,1,1,0,0,0,10,0.004308,11,483,0,0.006205
dearbeibei,dearbeibei,,1,1,2,1,1,2,1,1,1,0,0,0,10,0.004308,11,483,0,0.006205
108025286,108025286,,1,0,1,1,0,1,0,0,0,0,0.003483,0,41,0.000658,0,148,0,0.01763
151316034,151316034,,1,0,1,1,0,1,0,0,0,0,0.000006,0,20,0.000686,0,414,0,0.002219
fgics,fgics,,1,0,1,1,0,1,0,0,0,0,0.081181,0,7,0.000651,0,378,0,0.006205
2268792,2268792,,1,0,1,1,0,1,0,0,0,0,0.000929,0,53,0.000674,0,478,0,0.002219
133621420,133621420,,1,8,9,1,8,9,1,1,1,70,0.003483,0.008252,33,0.000658,0,147,0.013889,0.01763
123052436,123052436,,1,0,1,1,0,1,0,0,0,0,0.00001,0,27,0.000715,0,463,0,0.002219
Tournesolcc,Tournesolcc,,2,0,2,2,0,2,0,0,0,0,0.08407,0,52,0.000672,0,67,0,0.008425
141459840,141459840,,1,0,1,1,0,1,0,0,0,0,0.081181,0,7,0.000651,0,377,0,0.006205
27478612,27478612,,1,1,2,1,1,2,2,0.666667,0.75,0,0.000069,0,35,0.001442,0,484,0,0.006205
chenmodewan,chenmodewan,,1,2,3,1,2,3,1,1,1,1,0,0.000843,35,0.001872,0,484,0,0.006205
charmingping,charmingping,,1,1,2,1,1,2,1,1,1,14,0.003483,0,41,0.000658,0,141,0,0.01763
1255711,1255711,,1,0,1,1,0,1,0,0,0,0,0,0,41,0.001206,0,140,0,0.009032
43006050,43006050,,1,1,2,1,1,2,1,1,1,0,0,0,11,0.004308,12,485,0,0.006205
52399974,52399974,,1,1,2,1,1,2,1,1,1,0,0,0,11,0.004308,12,485,0,0.006205
47859386,47859386,,0,1,1,0,1,1,1,1,1,0,0,0,12,0.000646,13,487,0,0
89263357,89263357,,1,0,1,1,0,1,0,0,0,0,0,0,12,0.001196,13,486,0,0.002219
39056403,39056403,,0,2,2,0,2,2,8,0.262341,0.289126,0,0,0.001037,49,0.000646,0,488,0,0
esotericmc,esotericmc,,3,13,16,3,13,16,7,0.351816,0.413458,486,0.007897,0.010168,49,0.001252,0,230,0.019048,0.059817
Nebula,Nebula,,1,2,3,1,2,3,8,0.262857,0.289823,31.5,0.000831,0.007349,22,0.000727,0,230,0,0.035772
135020495,135020495,,1,0,1,1,0,1,0,0,0,0,0.00076,0,27,0.000677,0,342,0,0.006205
scarlettwei,scarlettwei,,0,41,41,0,41,41,2,0.901961,0.945652,0,0,0.055654,50,0.000646,0,521,0,0
130918981,130918981,,1,0,1,1,0,1,0,0,0,0,0.004561,0,50,0.00066,0,520,0,0.002219
46803167,46803167,,1,1,2,1,1,2,1,1,1,0,0,0,13,0.004308,14,522,0,0.006205
44486984,44486984,,1,1,2,1,1,2,1,1,1,0,0,0,13,0.004308,14,522,0,0.006205
101886856,101886856,,2,39,41,2,39,41,1,1,1,524,0.084663,0.013034,33,0.000663,0,131,0.002439,0.023835
133633593,133633593,,1,0,1,1,0,1,0,0,0,0,0.001068,0,33,0.000661,0,130,0,0.013018
ballsirius,ballsirius,,0,1,1,0,1,1,1,1,1,0,0,0,14,0.000646,15,524,0,0
happytlyh,happytlyh,,1,0,1,1,0,1,0,0,0,0,0,0,14,0.001196,15,523,0,0.002219
149785406,149785406,,1,1,2,1,1,2,2,0.666667,0.75,2,0.00001,0,27,0.000715,0,462,0,0.002219
155767956,155767956,,1,0,1,1,0,1,0,0,0,0,0.00076,0,27,0.000677,0,341,0,0.006205
sqhtpydkfg,sqhtpydkfg,,2,0,2,2,0,2,0,0,0,0,0.08173,0,7,0.0012,0,376,0,0.008425
xiaohailove,xiaohailove,,0,1,1,0,1,1,1,1,1,0,0,0.006698,7,0.000646,0,525,0,0
2327245,2327245,,1,7,8,1,7,8,5,0.389831,0.460145,70,0.000233,0.00141,19,0.000765,0,394,0,0.010691
49364303,49364303,,1,0,1,1,0,1,0,0,0,0,0.000116,0,19,0.000739,0,392,0,0.007966
151079533,151079533,,1,0,1,1,0,1,0,0,0,0,0.004561,0,50,0.00066,0,519,0,0.002219
47348527,47348527,,1,0,1,1,0,1,0,0,0,0,0.003483,0,41,0.000658,0,143,0,0.01763
captainkitsch,captainkitsch,,0,1,1,0,1,1,1,1,1,0,0,0.00018,15,0.000646,0,526,0,0
91687057,91687057,,2,0,2,2,0,2,0,0,0,0,0.0022,0,15,0.001251,0,60,0,0.023363
squidgy,squidgy,,1,2,3,1,2,3,1,1,1,1,0,0,16,0.001872,16,528,0,0.006205
151577874,151577874,,1,0,1,1,0,1,0,0,0,0,0,0,16,0.001442,16,527,0,0.006205
52374368,52374368,,0,1,1,0,1,1,2,0.666667,0.75,0,0,0.00071,49,0.000646,0,529,0,0
41332745,41332745,,2,7,9,2,7,9,6,0.30131,0.375604,36,0.000168,0.002841,49,0.000977,0,394,0,0.014171
ylzw28,ylzw28,,2,2,4,2,2,4,1,1,1,6,0.085742,0.000536,41,0.000664,0,375,0,0.008425
96095659,96095659,,1,0,1,1,0,1,0,0,0,0,0.004561,0,50,0.00066,0,518,0,0.002219
145300211,145300211,,2,0,2,2,0,2,0,0,0,0,0.004551,0,33,0.000673,0,129,0.5,0.030648
120852228,120852228,,1,0,1,1,0,1,0,0,0,0,0.004561,0,50,0.00066,0,517,0,0.002219
144058532,144058532,,1,0,1,1,0,1,0,0,0,0,0.007209,0,49,0.000668,0,225,0,0.042986
135910407,135910407,,1,0,1,1,0,1,0,0,0,0,0.003483,0,41,0.000658,0,142,0,0.01763
googolmo,googolmo,,4,5,9,4,5,9,3,0.541667,0.653846,39,0.000058,0.000005,21,0.004474,0,533,0.05,0.050199
april.fool,april.fool,,1,1,2,1,1,2,4,0.361111,0.416667,0,0,0.000005,21,0.001407,0,533,0,0.024858
deadpan42,deadpan42,,1,1,2,1,1,2,1,1,1,0,0,0,17,0.004308,17,534,0,0.006205
2776345,2776345,,1,1,2,1,1,2,1,1,1,0,0,0,17,0.004308,17,534,0,0.006205
51087287,51087287,,1,0,1,1,0,1,0,0,0,0,0.081181,0,7,0.000651,0,373,0,0.006205
SCNUlittlefox,SCNUlittlefox,,2,0,2,2,0,2,0,0,0,0,0.08839,0,49,0.000672,0,224,0,0.049192
71473444,71473444,,2,0,2,2,0,2,0,0,0,0,0.001744,0,33,0.000731,0,128,0,0.022051
1521087,1521087,,1,0,1,1,0,1,0,0,0,0,0.081181,0,7,0.000651,0,372,0,0.006205
sunagawakarin,sunagawakarin,,1,0,1,1,0,1,0,0,0,0,0.00001,0,27,0.000715,0,460,0,0.002219
mengshu444,mengshu444,,1,2,3,1,2,3,1,1,1,14,0,0,49,0.002323,0,164,0,0.011586
jdwinoforever,jdwinoforever,,2,1,3,2,1,3,2,0.666667,0.75,26,0.000006,0,49,0.001973,0,164,0,0.018093
luobeibei,luobeibei,,1,2,3,1,2,3,6,0.216726,0.237047,36,0.000133,0.000069,49,0.000797,0,230,0,0.019466
91843670,91843670,,1,0,1,1,0,1,0,0,0,0,0.081181,0,7,0.000651,0,371,0,0.006205
49025271,49025271,,1,0,1,1,0,1,0,0,0,0,0.000006,0,20,0.000686,0,413,0,0.002219
94353228,94353228,,2,0,2,2,0,2,0,0,0,0,0.007451,0,52,0.000681,0,66,0,0.004439
61450116,61450116,,1,0,1,1,0,1,0,0,0,0,0.081181,0,7,0.000651,0,370,0,0.006205
wwbebrave,wwbebrave,,1,1,2,1,1,2,2,0.666667,0.75,0,0,0,16,0.001442,16,528,0,0.006205
caoyanjun,caoyanjun,,1,0,1,1,0,1,0,0,0,0,0.081181,0,7,0.000651,0,369,0,0.006205
137452821,137452821,,1,4,5,1,4,5,5,0.342466,0.426,33,0.000015,0.0004,26,0.001048,0,58,0,0.01724
5087335,5087335,,1,0,1,1,0,1,0,0,0,0,0.000033,0,26,0.000869,0,42,0,0.009582
15901933,15901933,,0,1,1,0,1,1,1,1,1,0,0,0,18,0.000646,18,536,0,0
2123968,2123968,,1,0,1,1,0,1,0,0,0,0,0,0,18,0.001196,18,535,0,0.002219
AndreBFSU,AndreBFSU,,3,9,12,3,9,12,4,0.619048,0.801282,36,0,0.007224,19,0.003023,0,538,0,0.030564
82889509,82889509,,1,1,2,1,1,2,5,0.393939,0.464103,0,0.000592,0,19,0.000932,0,538,0,0.017404
68015157,68015157,,1,0,1,1,0,1,0,0,0,0,0.007209,0,49,0.000668,0,223,0,0.042986
134975339,134975339,,2,0,2,2,0,2,0,0,0,0,0.008043,0,49,0.00075,0,180,1,0.068872
didolia,didolia,,2,1,3,2,1,3,1,1,1,1,0.000006,0,20,0.004449,0,412,0,0.009686
ssdysyyy,ssdysyyy,,1,1,2,1,1,2,1,1,1,0,0,0.000001,20,0.004428,0,412,0,0.00893
pudding110,pudding110,,1,1,2,1,1,2,4,0.361111,0.416667,0,0,0.000005,21,0.001407,0,533,0,0.024858
cloverllx,cloverllx,,1,1,2,1,1,2,4,0.361111,0.416667,0,0,0.000005,21,0.001407,0,533,0,0.024858
notpasserby,notpasserby,,1,5,6,1,5,6,3,0.565217,0.666667,16,0,0.000699,21,0.001407,0,533,0.05,0.024858
dhampirlove,dhampirlove,,1,0,1,1,0,1,0,0,0,0,0.081181,0,7,0.000651,0,368,0,0.006205
63501666,63501666,,1,0,1,1,0,1,0,0,0,0,0.00289,0,52,0.000668,0,65,0,0.002219
145642920,145642920,,5,4,9,5,4,9,4,0.5,0.641667,16.666667,0,0,0,0.004604,1,156,0.4,0.753468
149308878,149308878,,5,5,10,5,5,10,5,0.434783,0.653333,2.416667,0,0,0,0.005326,1,156,0.7,0.887986
143809857,143809857,,6,6,12,6,6,12,4,0.555556,0.741667,19.083333,0,0,0,0.006386,1,156,0.6,1
154439493,154439493,,5,5,10,5,5,10,5,0.434783,0.653333,2.416667,0,0,0,0.005326,1,156,0.7,0.887986
61701041,61701041,,1,0,1,1,0,1,0,0,0,0,0.000833,0,49,0.000728,0,179,0,0.025885
141995850,141995850,,1,0,1,1,0,1,0,0,0,0,0.000006,0,20,0.000686,0,411,0,0.002219
3737553,3737553,,2,2,4,2,2,4,1,1,1,5,0.000057,0,21,0.000886,0,531,0.333333,0.027088
52408842,52408842,,1,0,1,1,0,1,0,0,0,0,0,0,21,0.001023,0,530,0,0.014538
realweijia,realweijia,,1,0,1,1,0,1,0,0,0,0,0.003483,0,41,0.000658,0,139,0,0.01763
43596518,43596518,,1,1,2,1,1,2,5,0.393939,0.464103,0,0.000592,0,19,0.000932,0,538,0,0.017404
mipplor,mipplor,,1,1,2,1,1,2,5,0.393939,0.464103,0,0.000592,0,19,0.000932,0,538,0,0.017404
beimingke,beimingke,,0,3,3,0,3,3,1,1,1,0,0,0.000692,49,0.000646,0,541,0,0
152782827,152782827,,1,0,1,1,0,1,0,0,0,0,0.000057,0,49,0.00083,0,540,0,0.002219
rocinante001,rocinante001,,1,1,2,1,1,2,5,0.357616,0.399691,0,0.002186,0.000329,15,0.000702,0,64,0,0.021144
youhuang,youhuang,,3,12,15,3,12,15,5,0.362919,0.417301,543,0.00741,0.010138,22,0.001138,0,230,0.030303,0.092474
sylviacy,sylviacy,,2,2,4,2,2,4,6,0.346516,0.38125,0,0.00804,0.000827,22,0.000749,0,230,1,0.078759
chanjun,chanjun,,1,0,1,1,0,1,0,0,0,0,0.081181,0,7,0.000651,0,367,0,0.006205
3368287,3368287,,3,0,3,3,0,3,0,0,0,0,0.082604,0,19,0.001017,0,187,0,0.059381
73661506,73661506,,1,0,1,1,0,1,0,0,0,0,0.002186,0,15,0.000702,0,59,0,0.021144
lancaoqin,lancaoqin,,4,0,4,4,0,4,0,0,0,0,0.008409,0,49,0.00102,0,167,0.166667,0.099029
Esax,Esax,,2,6,8,2,6,8,5,0.27381,0.309149,249.5,0.000836,0.001625,49,0.001066,0,230,0,0.045731
bloody,bloody,,1,1,2,1,1,2,1,1,1,0,0.007209,0.000595,49,0.000668,0,198,0.5,0.042986
56803551,56803551,,2,0,2,2,0,2,0,0,0,0,0.007258,0,49,0.001236,0,197,0.5,0.060616
3928151,3928151,,1,1,2,1,1,2,1,1,1,0,0,0,23,0.004308,19,542,0,0.006205
35818666,35818666,,1,1,2,1,1,2,1,1,1,0,0,0,23,0.004308,19,542,0,0.006205
zhuang13,zhuang13,,1,2,3,1,2,3,8,0.252033,0.271473,1.5,0.000018,0.000755,49,0.001165,0,543,0,0.010191
69054462,69054462,,2,0,2,2,0,2,0,0,0,0,0.007271,0,49,0.001163,0,222,0,0.050845
43428548,43428548,,0,1,1,0,1,1,1,1,1,0,0,0,24,0.000646,20,545,0,0
115256056,115256056,,1,0,1,1,0,1,0,0,0,0,0,0,24,0.001196,20,544,0,0.002219
xdanger,xdanger,,1,1,2,1,1,2,1,1,1,0,0,0,25,0.004308,21,546,0,0.006205
akaaa,akaaa,,1,1,2,1,1,2,1,1,1,0,0,0,25,0.004308,21,546,0,0.006205
next99,next99,,3,16,19,3,16,19,3,0.641026,0.786667,255,0.002216,0.002314,26,0.001409,0,58,0.003676,0.050822
onlyoneray,onlyoneray,,2,2,4,2,2,4,4,0.454545,0.5,61,0.000222,0.000183,26,0.000944,0,58,0,0.034854
lucyhu,lucyhu,,1,2,3,1,2,3,4,0.423729,0.48,22,0.00019,0.000183,26,0.000721,0,58,0,0.025273
71154050,71154050,,2,0,2,2,0,2,0,0,0,0,0.007258,0,49,0.001218,0,221,0,0.045206
Dongfengpoyifu,Dongfengpoyifu,,0,1,1,0,1,1,1,1,1,0,0,0.000595,49,0.000646,0,547,0,0
wajwq781202,wajwq781202,,1,0,1,1,0,1,0,0,0,0,0.007209,0,49,0.000668,0,220,0,0.042986
yuanbulai,yuanbulai,,0,1,1,0,1,1,1,1,1,0,0,0.000287,41,0.000646,0,548,0,0
41694650,41694650,,2,0,2,2,0,2,0,0,0,0,0.003506,0,41,0.001208,0,138,0,0.019849
42927631,42927631,,1,2,3,1,2,3,1,1,1,3,0,0.006743,7,0.001878,0,366,0,0.010691
faithshen,faithshen,,2,1,3,2,1,3,2,0.666667,0.75,4,0.081733,0,7,0.001449,0,366,0,0.014171
53738178,53738178,,3,1,4,3,1,4,1,1,1,3,0,0,27,0.007154,0,461,0,0.015891
128363381,128363381,,1,1,2,1,1,2,1,1,1,0,0,0,27,0.006732,0,461,0,0.012916
2380307,2380307,,0,1,1,0,1,1,1,1,1,0,0,0.007074,50,0.000646,0,549,0,0
137933560,137933560,,3,0,3,3,0,3,0,0,0,0,0.086321,0,50,0.001213,0,364,0,0.010644
Levi-Vincent,Levi-Vincent,,1,0,1,1,0,1,0,0,0,0,0.081181,0,7,0.000651,0,363,0,0.006205
126817581,126817581,,1,0,1,1,0,1,0,0,0,0,0.003483,0,41,0.000658,0,137,0,0.01763
teewhy,teewhy,,1,0,1,1,0,1,0,0,0,0,0.003483,0,41,0.000658,0,136,0,0.01763
hongyeshou,hongyeshou,,0,3,3,0,3,3,4,0.466667,0.630952,0,0,0.000069,22,0.000646,0,552,0,0
48060442,48060442,,2,1,3,2,1,3,3,0.5,0.583333,52,0.000836,0.000182,22,0.00091,0,186,0,0.037991
kimihoudrix,kimihoudrix,,1,1,2,1,1,2,1,1,1,0,0,0,28,0.004308,22,553,0,0.006205
echolovu,echolovu,,1,1,2,1,1,2,1,1,1,0,0,0,28,0.004308,22,553,0,0.006205
17109660,17109660,,1,0,1,1,0,1,0,0,0,0,0.000002,0,26,0.000784,0,431,0,0.002219
140523157,140523157,,0,1,1,0,1,1,1,1,1,0,0,0,29,0.000646,23,555,0,0
134438672,134438672,,1,0,1,1,0,1,0,0,0,0,0,0,29,0.001196,23,554,0,0.002219
aselinstory,aselinstory,,1,0,1,1,0,1,0,0,0,0,0.081181,0,7,0.000651,0,359,0,0.006205
ForgetJulia,ForgetJulia,,5,0,5,5,0,5,0,0,0,0,0.004956,0,22,0.00135,0,19,0,0.044649
zhuangbilitier,zhuangbilitier,,0,1,1,0,1,1,1,1,1,0,0,0.000406,22,0.000646,0,556,0,0
55334410,55334410,,0,2,2,0,2,2,1,1,1,0,0,0,30,0.000646,24,559,0,0
amber0517,amber0517,,1,0,1,1,0,1,0,0,0,0,0,0,30,0.000921,24,558,0,0.002219
109096404,109096404,,1,0,1,1,0,1,0,0,0,0,0.002186,0,15,0.000702,0,38,0,0.021144
51354919,51354919,,0,1,1,0,1,1,1,1,1,0,0,0,31,0.000646,25,561,0,0
143937486,143937486,,1,0,1,1,0,1,0,0,0,0,0,0,31,0.001196,25,560,0,0.002219
44663754,44663754,,0,1,1,0,1,1,1,1,1,0,0,0,32,0.000646,26,563,0,0
107114191,107114191,,1,0,1,1,0,1,0,0,0,0,0,0,32,0.001196,26,562,0,0.002219
133886774,133886774,,1,0,1,1,0,1,0,0,0,0,0.081181,0,7,0.000651,0,358,0,0.006205
47937098,47937098,,1,0,1,1,0,1,0,0,0,0,0.003483,0,41,0.000658,0,135,0,0.01763
springbreeze,springbreeze,,0,1,1,0,1,1,1,1,1,0,0,0.006698,7,0.000646,0,564,0,0
Solanin0915,Solanin0915,,2,0,2,2,0,2,0,0,0,0,0.08173,0,7,0.0012,0,357,0,0.008425
ran4027,ran4027,,2,0,2,2,0,2,0,0,0,0,0.084663,0,41,0.000663,0,134,0,0.023835
caomingyu,caomingyu,,1,0,1,1,0,1,0,0,0,0,0.081181,0,7,0.000651,0,356,0,0.006205
2058011,2058011,,1,0,1,1,0,1,0,0,0,0,0,0,33,0.000921,0,397,0,0.002219
152049010,152049010,,0,1,1,0,1,1,1,1,1,0,0,0,34,0.000646,27,566,0,0
126229267,126229267,,1,0,1,1,0,1,0,0,0,0,0,0,34,0.001196,27,565,0,0.002219
52939306,52939306,,2,0,2,2,0,2,0,0,0,0,0.006372,0,52,0.00068,0,18,0,0.019849
kkk55,kkk55,,2,0,2,2,0,2,0,0,0,0,0.003535,0,49,0.000896,0,133,0,0.023835
37120516,37120516,,1,0,1,1,0,1,0,0,0,0,0.081181,0,7,0.000651,0,355,0,0.006205
66194957,66194957,,1,0,1,1,0,1,0,0,0,0,0.00019,0,26,0.000721,0,57,0,0.025273
p.a.s,p.a.s,,1,13,14,1,13,14,8,0.263648,0.313101,198,0,0.022875,35,0.001196,0,575,0,0.002219
reginahwang,reginahwang,,1,0,1,1,0,1,0,0,0,0,0.001875,0,35,0.000725,0,574,0,0.004552
milkcolor,milkcolor,,1,0,1,1,0,1,0,0,0,0,0.001068,0,33,0.000661,0,127,0,0.013018
148352109,148352109,,2,0,2,2,0,2,0,0,0,0,0.005237,0,33,0.00073,0,146,0,0.011252
65621507,65621507,,1,0,1,1,0,1,0,0,0,0,0.001068,0,33,0.000661,0,126,0,0.013018
Xbw777,Xbw777,,2,0,2,2,0,2,0,0,0,0,0.084661,0,7,0.00072,0,354,1,0.012411
ZebraBookstore,ZebraBookstore,,0,1,1,0,1,1,1,1,1,0,0,0,36,0.000646,28,577,0,0
153958523,153958523,,1,0,1,1,0,1,0,0,0,0,0,0,36,0.001196,28,576,0,0.002219
52312843,52312843,,1,0,1,1,0,1,0,0,0,0,0.000006,0,20,0.000686,0,410,0,0.002219
cky1624,cky1624,,0,1,1,0,1,1,1,1,1,0,0,0,37,0.000646,29,579,0,0
64178169,64178169,,1,0,1,1,0,1,0,0,0,0,0,0,37,0.001196,29,578,0,0.002219
64077608,64077608,,1,0,1,1,0,1,0,0,0,0,0.007209,0,49,0.000668,0,219,0,0.042986
bifangxiaoC,bifangxiaoC,,0,2,2,0,2,2,1,1,1,0,0,0,38,0.000646,30,582,0,0
90216419,90216419,,2,0,2,2,0,2,0,0,0,0,0,0,38,0.001471,30,581,0,0.004439
62949271,62949271,,0,1,1,0,1,1,1,1,1,0,0,0,38,0.000646,30,583,0,0
nekogirl,nekogirl,,1,0,1,1,0,1,0,0,0,0,0.000274,0,26,0.000671,0,443,0,0.002219
gigix,gigix,,0,3,3,0,3,3,2,0.8,0.875,0,0,0,27,0.000646,0,585,0,0
79052003,79052003,,4,0,4,4,0,4,0,0,0,0,0,0,27,0.002478,0,584,0,0.008877
BenGlen,BenGlen,,0,1,1,0,1,1,1,1,1,0,0,0,27,0.000646,0,586,0,0
bzlin,bzlin,,0,1,1,0,1,1,1,1,1,0,0,0,27,0.000646,0,587,0,0
suecat,suecat,,0,1,1,0,1,1,1,1,1,0,0,0,27,0.000646,0,588,0,0
38357024,38357024,,1,1,2,1,1,2,1,1,1,0,0,0.000203,26,0.004553,0,37,0,0.019975
wfzy1975,wfzy1975,,3,1,4,3,1,4,1,1,1,9,0.002476,0,26,0.004596,0,37,0,0.034461
Fridaaa,Fridaaa,,1,0,1,1,0,1,0,0,0,0,0.003483,0,41,0.000658,0,132,0,0.01763
67139402,67139402,,2,0,2,2,0,2,0,0,0,0,0.008138,0,53,0.000696,0,218,0.5,0.045206
140108491,140108491,,3,0,3,3,0,3,0,0,0,0,0.000942,0,53,0.001773,0,477,0,0.006658
55300421,55300421,,0,1,1,0,1,1,1,1,1,0,0,0.000077,53,0.000646,0,589,0,0
2517968,2517968,,0,1,1,0,1,1,1,1,1,0,0,0.000077,53,0.000646,0,590,0,0
91919355,91919355,,1,1,2,1,1,2,1,1,1,0,0,0,39,0.004308,31,591,0,0.006205
4387398,4387398,,1,1,2,1,1,2,1,1,1,0,0,0,39,0.004308,31,591,0,0.006205
91546587,91546587,,0,1,1,0,1,1,1,1,1,0,0,0,0,0.000646,1,592,0,0
84946421,84946421,,2,0,2,2,0,2,0,0,0,0,0,0,0,0.001379,1,418,0,0.004439
70880669,70880669,,1,0,1,1,0,1,0,0,0,0,0.001068,0,33,0.000661,0,125,0,0.013018
51713291,51713291,,0,1,1,0,1,1,1,1,1,0,0,0,40,0.000646,32,594,0,0
120953103,120953103,,1,0,1,1,0,1,0,0,0,0,0,0,40,0.001196,32,593,0,0.002219
yes2day,yes2day,,1,0,1,1,0,1,0,0,0,0,0.001875,0,35,0.000725,0,573,0,0.004552
39568642,39568642,,2,0,2,2,0,2,0,0,0,0,0.000276,0,26,0.000809,0,430,0,0.004439
48506740,48506740,,1,5,6,1,5,6,1,1,1,6,0.081181,0.014063,7,0.000651,0,279,0.066667,0.006205
lightu,lightu,,1,0,1,1,0,1,0,0,0,0,0.001152,0,7,0.000757,0,278,0,0.006205
wailimsyu,wailimsyu,,1,0,1,1,0,1,0,0,0,0,0.001068,0,33,0.000661,0,124,0,0.013018
68370694,68370694,,4,0,4,4,0,4,0,0,0,0,0.0083,0,21,0.000963,0,217,0,0.063961
suxxdumino,suxxdumino,,1,0,1,1,0,1,0,0,0,0,0.000592,0,19,0.000932,0,537,0,0.017404
zuozuoxi,zuozuoxi,,1,0,1,1,0,1,0,0,0,0,0.081181,0,7,0.000651,0,353,0,0.006205
liding,liding,,1,0,1,1,0,1,0,0,0,0,0.000006,0,22,0.00083,0,551,0,0.002219
66620515,66620515,,2,3,5,2,3,5,1,1,1,13,0.08173,0.000241,33,0.001276,0,298,0,0.020383
62644800,62644800,,1,0,1,1,0,1,0,0,0,0,0.00002,0,33,0.001008,0,297,0,0.013498
90601030,90601030,,5,0,5,5,0,5,0,0,0,0,0.005355,0,41,0.001754,0,85,0.15,0.057608
36402097,36402097,,1,2,3,1,2,3,1,1,1,8,0,0.000589,41,0.001721,0,286,0,0.013938
ninghaoninghao,ninghaoninghao,,1,2,3,1,2,3,1,1,1,0,0.003483,0.000971,41,0.000658,0,86,0.333333,0.01763
74041547,74041547,,1,0,1,1,0,1,0,0,0,0,0.000274,0,26,0.000671,0,442,0,0.002219
wdm,wdm,,1,0,1,1,0,1,0,0,0,0,0.000833,0,49,0.000728,0,178,0,0.025885
sun-forget,sun-forget,,1,0,1,1,0,1,0,0,0,0,0.001875,0,35,0.000725,0,572,0,0.004552
kingjojo,kingjojo,,1,1,2,1,1,2,4,0.357143,0.466667,0,0.000553,0,41,0.002523,0,287,0,0.01625
chelsea1214,chelsea1214,,3,2,5,3,2,5,3,0.5,0.633333,12,0,0.006743,41,0.004415,0,287,0,0.026109
zznoy,zznoy,,0,1,1,0,1,1,4,0.375,0.472222,0,0,0,41,0.000646,0,595,0,0
duzixiangshou,duzixiangshou,,2,2,4,2,2,4,2,0.625,0.7,15,0.081733,0,41,0.002527,0,287,0,0.022456
123080411,123080411,,1,2,3,1,2,3,1,1,1,2,0.000929,0.000048,53,0.000674,0,476,0,0.002219
82885162,82885162,,2,1,3,2,1,3,1,1,1,6,0.000004,0,19,0.006242,0,448,0,0.017195
56918033,56918033,,1,1,2,1,1,2,1,1,1,0,0,0,19,0.005951,0,448,0,0.011445
135422939,135422939,,1,0,1,1,0,1,0,0,0,0,0.081181,0,7,0.000651,0,352,0,0.006205
88258535,88258535,,1,0,1,1,0,1,0,0,0,0,0.081181,0,7,0.000651,0,351,0,0.006205
guming,guming,,0,1,1,0,1,1,2,0.666667,0.75,0,0,0,42,0.000646,33,597,0,0
yepiam,yepiam,,2,1,3,2,1,3,1,1,1,1,0,0,42,0.006285,33,596,0,0.009686
ppa007hot,ppa007hot,,1,1,2,1,1,2,1,1,1,0,0,0,42,0.005992,33,596,0,0.00893
53781677,53781677,,3,0,3,3,0,3,0,0,0,0,0.010168,0,52,0.001586,0,17,0,0.056861
MadcatCC,MadcatCC,,3,2,5,3,2,5,1,1,1,5,0.00463,0.000839,52,0.002108,0,503,0,0.013166
48329981,48329981,,1,0,1,1,0,1,0,0,0,0,0.000133,0,49,0.000797,0,166,0,0.019466
Lean_Ann,Lean_Ann,,1,0,1,1,0,1,0,0,0,0,0.003483,0,41,0.000658,0,94,0,0.01763
48109291,48109291,,1,0,1,1,0,1,0,0,0,0,0.081181,0,7,0.000651,0,350,0,0.006205
punk1981,punk1981,,3,2,5,3,2,5,2,0.75,0.833333,31,0.082298,0.000183,22,0.003989,0,31,0,0.046545
lingchenchen,lingchenchen,,1,1,2,1,1,2,3,0.5,0.611111,0,0.000015,0.006744,22,0.002342,0,31,0,0.022725
PerfectEnglish,PerfectEnglish,,2,0,2,2,0,2,0,0,0,0,0.003506,0,41,0.001208,0,93,0,0.019849
summer0510,summer0510,,0,1,1,0,1,1,1,1,1,0,0,0.000287,41,0.000646,0,598,0,0
lovemossforever,lovemossforever,,1,0,1,1,0,1,0,0,0,0,0.081181,0,7,0.000651,0,349,0,0.006205
soul-girl,soul-girl,,1,0,1,1,0,1,0,0,0,0,0.00289,0,52,0.000668,0,16,0,0.002219
Dandelion4everU,Dandelion4everU,,1,0,1,1,0,1,0,0,0,0,0.003483,0,41,0.000658,0,92,0,0.01763
2837821,2837821,,2,0,2,2,0,2,0,0,0,0,0.085742,0,50,0.000664,0,348,0,0.008425
91412331,91412331,,1,0,1,1,0,1,0,0,0,0,0.00289,0,52,0.000668,0,15,0,0.002219
XLL86,XLL86,,2,0,2,2,0,2,0,0,0,0,0.007325,0,19,0.000761,0,216,0,0.050952
harrybocai,harrybocai,,0,3,3,0,3,3,2,0.8,0.875,0,0,0,43,0.000646,34,602,0,0
Yoannnn,Yoannnn,,2,1,3,2,1,3,1,1,1,1,0,0,43,0.004967,34,601,0,0.009686
conansense,conansense,,1,1,2,1,1,2,1,1,1,0,0,0,43,0.004869,34,601,0,0.00893
121295157,121295157,,2,0,2,2,0,2,0,0,0,0,0.000935,0,53,0.00147,0,473,0,0.008425
2643043,2643043,,1,2,3,1,2,3,1,1,1,1,0,0.000077,53,0.001872,0,603,0,0.006205
145782032,145782032,,1,0,1,1,0,1,0,0,0,0,0.001068,0,33,0.000661,0,123,0,0.013018
92448910,92448910,,1,0,1,1,0,1,0,0,0,0,0.007209,0,49,0.000668,0,215,0,0.042986
1832073,1832073,,1,0,1,1,0,1,0,0,0,0,0.002186,0,15,0.000702,0,36,0,0.021144
150447406,150447406,,1,0,1,1,0,1,0,0,0,0,0.001068,0,33,0.000661,0,122,0,0.013018
withambitions,withambitions,,2,0,2,2,0,2,0,0,0,0,0.007969,0,27,0.000699,0,214,0,0.049192
shixiaoboshine,shixiaoboshine,,2,0,2,2,0,2,0,0,0,0,0.083055,0,35,0.000729,0,347,0,0.010758
16676768,16676768,,1,0,1,1,0,1,0,0,0,0,0.004561,0,50,0.00066,0,516,0,0.002219
50769572,50769572,,1,0,1,1,0,1,0,0,0,0,0.00001,0,27,0.000715,0,459,0,0.002219
152477156,152477156,,1,0,1,1,0,1,0,0,0,0,0.000006,0,20,0.000686,0,409,0,0.002219
43382462,43382462,,1,0,1,1,0,1,0,0,0,0,0.003483,0,41,0.000658,0,91,0,0.01763
157157670,157157670,,1,0,1,1,0,1,0,0,0,0,0,0,48,0.00083,2,232,0,0.002219
takarailia,takarailia,,1,2,3,1,2,3,1,1,1,2,0.000929,0,53,0.000674,0,472,0,0.002219
43718634,43718634,,2,0,2,2,0,2,0,0,0,0,0.084661,0,7,0.00072,0,346,1,0.012411
Liangshiz,Liangshiz,,1,0,1,1,0,1,0,0,0,0,0.007209,0,49,0.000668,0,213,0,0.042986
1144323,1144323,,2,0,2,2,0,2,0,0,0,0,0.007399,0,26,0.000743,0,56,0,0.068259
49641771,49641771,,2,0,2,2,0,2,0,0,0,0,0.003756,0,26,0.000683,0,90,0,0.019849
122497045,122497045,,1,0,1,1,0,1,0,0,0,0,0.000004,0,19,0.001183,0,449,0,0.00908
55843955,55843955,,1,0,1,1,0,1,0,0,0,0,0.003483,0,41,0.000658,0,89,0,0.01763
3274968,3274968,,7,0,7,7,0,7,0,0,0,0,0.01239,0,53,0.002182,0,35,0.119048,0.126578
daat,daat,,0,2,2,0,2,2,1,1,1,0,0,0.001022,53,0.000646,0,605,0,0
37288438,37288438,,3,1,4,3,1,4,1,1,1,2,0.001211,0.001015,53,0.001248,0,440,0.083333,0.006658
74973391,74973391,,2,0,2,2,0,2,0,0,0,0,0.082014,0,49,0.000732,0,177,0,0.032091
51744221,51744221,,1,0,1,1,0,1,0,0,0,0,0.081181,0,7,0.000651,0,329,0,0.006205
2730461,2730461,,1,0,1,1,0,1,0,0,0,0,0.081181,0,7,0.000651,0,328,0,0.006205
57976760,57976760,,2,0,2,2,0,2,0,0,0,0,0.08839,0,49,0.000672,0,212,0,0.049192
12498692,12498692,,1,0,1,1,0,1,0,0,0,0,0.004561,0,50,0.00066,0,515,0,0.002219
fairyyoyo,fairyyoyo,,2,1,3,2,1,3,1,1,1,14,0.003616,0,49,0.000809,0,88,0,0.037096
63093593,63093593,,1,0,1,1,0,1,0,0,0,0,0.001068,0,33,0.000661,0,121,0,0.013018
98893495,98893495,,1,0,1,1,0,1,0,0,0,0,0.004561,0,50,0.00066,0,514,0,0.002219
3190456,3190456,,2,0,2,2,0,2,0,0,0,0,0.083055,0,35,0.000729,0,327,0,0.010758
53257612,53257612,,1,0,1,1,0,1,0,0,0,0,0.081181,0,7,0.000651,0,326,0,0.006205
wangxhtt,wangxhtt,,1,0,1,1,0,1,0,0,0,0,0.081181,0,7,0.000651,0,325,0,0.006205
dong-rh,dong-rh,,1,1,2,1,1,2,1,1,1,0,0,0,44,0.004308,35,606,0,0.006205
147140013,147140013,,1,1,2,1,1,2,1,1,1,0,0,0,44,0.004308,35,606,0,0.006205
cherriberriprin,cherriberriprin,,1,0,1,1,0,1,0,0,0,0,0.081181,0,7,0.000651,0,324,0,0.006205
74937009,74937009,,1,0,1,1,0,1,0,0,0,0,0,0,53,0.000933,0,471,0,0.004552
emphasize,emphasize,,2,0,2,2,0,2,0,0,0,0,0.010099,0,52,0.000689,0,14,0,0.045206
57071643,57071643,,1,0,1,1,0,1,0,0,0,0,0.000033,0,26,0.000869,0,41,0,0.009582
47537862,47537862,,2,0,2,2,0,2,0,0,0,0,0.08407,0,52,0.000672,0,13,0,0.008425
doudesi,doudesi,,1,0,1,1,0,1,0,0,0,0,0.081181,0,7,0.000651,0,323,0,0.006205
140890319,140890319,,1,0,1,1,0,1,0,0,0,0,0.000553,0,7,0.001445,0,365,0,0.007966
yellingforever,yellingforever,,2,0,2,2,0,2,0,0,0,0,0.001075,0,33,0.00121,0,120,0,0.015238
msuper,msuper,,0,1,1,0,1,1,1,1,1,0,0,0.000088,33,0.000646,0,607,0,0
51132496,51132496,,1,0,1,1,0,1,0,0,0,0,0.081181,0,7,0.000651,0,322,0,0.006205
lbert,lbert,,1,1,2,1,1,2,1,1,1,13,0.000833,0,49,0.000728,0,175,0,0.025885
GunCN,GunCN,,1,0,1,1,0,1,0,0,0,0,0,0,49,0.001265,0,174,0,0.01222
136640405,136640405,,2,0,2,2,0,2,0,0,0,0,0.001268,0,19,0.001002,0,145,0,0.026436
62675309,62675309,,1,0,1,1,0,1,0,0,0,0,0.000274,0,26,0.000671,0,441,0,0.002219
senor,senor,,0,1,1,0,1,1,1,1,1,0,0,0,45,0.000646,36,609,0,0
97036717,97036717,,1,0,1,1,0,1,0,0,0,0,0,0,45,0.001196,36,608,0,0.002219
67244932,67244932,,1,0,1,1,0,1,0,0,0,0,0.004561,0,50,0.00066,0,513,0,0.002219
liang9527,liang9527,,1,0,1,1,0,1,0,0,0,0,0.081181,0,7,0.000651,0,321,0,0.006205
63998046,63998046,,1,0,1,1,0,1,0,0,0,0,0.001068,0,33,0.000661,0,119,0,0.013018
48001791,48001791,,2,0,2,2,0,2,0,0,0,0,0.000708,0,19,0.001025,0,391,0,0.02537
Jiangel,Jiangel,,3,0,3,3,0,3,0,0,0,0,0.011621,0,53,0.000708,0,84,0.333333,0.062835
baikou,baikou,,1,0,1,1,0,1,0,0,0,0,0.00289,0,52,0.000668,0,12,0,0.002219
53393312,53393312,,1,0,1,1,0,1,0,0,0,0,0.081181,0,7,0.000651,0,320,0,0.006205
2223862,2223862,,2,2,4,2,2,4,1,1,1,15,0,0.000279,26,0.006655,0,10,0,0.034357
liulaoye,liulaoye,,1,1,2,1,1,2,2,0.666667,0.75,0,0.000023,0,26,0.003477,0,10,0,0.017479
138977263,138977263,,1,0,1,1,0,1,0,0,0,0,0.004561,0,50,0.00066,0,512,0,0.002219
132675249,132675249,,1,0,1,1,0,1,0,0,0,0,0.004561,0,50,0.00066,0,511,0,0.002219
stasis,stasis,,1,0,1,1,0,1,0,0,0,0,0.007209,0,49,0.000668,0,211,0,0.042986
aliaoshazhang,aliaoshazhang,,0,1,1,0,1,1,2,0.666667,0.75,0,0,0.000099,53,0.000646,0,610,0,0
78199963,78199963,,1,0,1,1,0,1,0,0,0,0,0.007209,0,49,0.000668,0,210,0,0.042986
echoyuang,echoyuang,,1,0,1,1,0,1,0,0,0,0,0.004561,0,50,0.00066,0,510,0,0.002219
82158164,82158164,,1,0,1,1,0,1,0,0,0,0,0.004561,0,50,0.00066,0,509,0,0.002219
129676442,129676442,,1,0,1,1,0,1,0,0,0,0,0.003483,0,41,0.000658,0,83,0,0.01763
122609129,122609129,,1,0,1,1,0,1,0,0,0,0,0.001068,0,33,0.000661,0,118,0,0.013018
121601998,121601998,,1,0,1,1,0,1,0,0,0,0,0.004561,0,50,0.00066,0,508,0,0.002219
156053631,156053631,,1,0,1,1,0,1,0,0,0,0,0.007209,0,49,0.000668,0,209,0,0.042986
92496772,92496772,,1,0,1,1,0,1,0,0,0,0,0.000929,0,53,0.000674,0,469,0,0.002219
137353909,137353909,,1,0,1,1,0,1,0,0,0,0,0.00019,0,26,0.000721,0,55,0,0.025273
157448993,157448993,,1,0,1,1,0,1,0,0,0,0,0.00076,0,27,0.000677,0,340,0,0.006205
sailingfan,sailingfan,,0,2,2,0,2,2,1,1,1,0,0,0.000001,20,0.000646,0,612,0,0
121113170,121113170,,1,0,1,1,0,1,0,0,0,0,0,0,20,0.000921,0,611,0,0.002219
126759021,126759021,,1,0,1,1,0,1,0,0,0,0,0,0,30,0.000921,24,557,0,0.002219
30853523,30853523,,1,0,1,1,0,1,0,0,0,0,0.007209,0,49,0.000668,0,208,0,0.042986
154811291,154811291,,1,1,2,1,1,2,1,1,1,0,0,0,46,0.004308,37,613,0,0.006205
59997952,59997952,,1,1,2,1,1,2,1,1,1,0,0,0,46,0.004308,37,613,0,0.006205
135729534,135729534,,3,0,3,3,0,3,0,0,0,0,0.084643,0,52,0.000976,0,11,0,0.01463
nrty,nrty,,1,0,1,1,0,1,0,0,0,0,0.0001,0,21,0.00083,0,481,0,0.002219
51510885,51510885,,1,0,1,1,0,1,0,0,0,0,0.004561,0,50,0.00066,0,507,0,0.002219
50748444,50748444,,1,0,1,1,0,1,0,0,0,0,0.000133,0,49,0.000797,0,165,0,0.019466
tyler512,tyler512,,1,0,1,1,0,1,0,0,0,0,0.001182,0,22,0.000756,0,425,0,0.002219
133641231,133641231,,1,0,1,1,0,1,0,0,0,0,0,0,41,0.001673,0,152,0,0.011365
147986275,147986275,,0,1,1,0,1,1,1,1,1,0,0,0,47,0.000646,38,615,0,0
64830754,64830754,,1,0,1,1,0,1,0,0,0,0,0,0,47,0.001196,38,614,0,0.002219
wxfup,wxfup,,1,0,1,1,0,1,0,0,0,0,0.001875,0,35,0.000725,0,571,0,0.004552
47156224,47156224,,3,2,5,3,2,5,2,0.75,0.833333,70,0.002215,0.006888,22,0.003171,0,31,0,0.060813
4385012,4385012,,2,0,2,2,0,2,0,0,0,0,0.001747,0,22,0.002104,0,30,0,0.031006
isucceed,isucceed,,2,0,2,2,0,2,0,0,0,0,0.001075,0,33,0.000936,0,117,0,0.015238
76356022,76356022,,0,2,2,0,2,2,1,1,1,0,0,0.000089,33,0.000646,0,617,0,0
89793311,89793311,,2,2,4,2,2,4,1,1,1,0,0.000001,0.000008,21,0.005036,0,618,1,0.043903
3811762,3811762,,3,2,5,3,2,5,1,1,1,0.5,0.000051,0.000004,21,0.005164,0,618,0.5,0.044658
97975481,97975481,,3,2,5,3,2,5,1,1,1,0.5,0.000051,0.000004,21,0.005164,0,618,0.5,0.044658
74689331,74689331,,0,3,3,0,3,3,2,0.8,0.875,0,0,0.000616,21,0.000646,0,619,0.333333,0
VVVV1221VVVV,VVVV1221VVVV,,1,0,1,1,0,1,0,0,0,0,0.001182,0,22,0.000756,0,424,0,0.002219
91294187,91294187,,1,0,1,1,0,1,0,0,0,0,0.001068,0,33,0.000661,0,116,0,0.013018
83694969,83694969,,1,0,1,1,0,1,0,0,0,0,0.000274,0,26,0.000671,0,439,0,0.002219
150487094,150487094,,1,0,1,1,0,1,0,0,0,0,0,0,43,0.00083,34,600,0,0.002219
138447009,138447009,,1,0,1,1,0,1,0,0,0,0,0.081181,0,7,0.000651,0,319,0,0.006205
huanqie,huanqie,,1,0,1,1,0,1,0,0,0,0,0.003483,0,41,0.000658,0,82,0,0.01763
137054357,137054357,,1,0,1,1,0,1,0,0,0,0,0,0,48,0.00083,2,231,0,0.002219
25549206,25549206,,2,0,2,2,0,2,0,0,0,0,0.009395,0,15,0.000723,0,34,0,0.064131
snapezhang,snapezhang,,1,0,1,1,0,1,0,0,0,0,0.000006,0,20,0.000686,0,408,0,0.002219
40009604,40009604,,1,0,1,1,0,1,0,0,0,0,0.007209,0,49,0.000668,0,207,0,0.042986
61233441,61233441,,2,0,2,2,0,2,0,0,0,0,0.084663,0,41,0.000663,0,81,0,0.023835
sophie-hong,sophie-hong,,1,0,1,1,0,1,0,0,0,0,0.00019,0,26,0.000721,0,54,0,0.025273
78302802,78302802,,1,0,1,1,0,1,0,0,0,0,0.004561,0,50,0.00066,0,506,0,0.002219
114392806,114392806,,1,0,1,1,0,1,0,0,0,0,0.001152,0,7,0.000757,0,277,0,0.006205
54821248,54821248,,1,0,1,1,0,1,0,0,0,0,0.001068,0,33,0.000661,0,115,0,0.013018
59752532,59752532,,0,1,1,0,1,1,1,1,1,0,0,0.000287,41,0.000646,0,620,0,0
bvvian,bvvian,,2,0,2,2,0,2,0,0,0,0,0.003506,0,41,0.001208,0,80,0,0.019849
APRIL99,APRIL99,,3,0,3,3,0,3,0,0,0,0,0.000872,0,26,0.001074,0,49,0,0.040542
39233211,39233211,,1,2,3,1,2,3,1,1,1,11,0.00019,0.000398,26,0.000721,0,50,0.166667,0.025273
malasun7,malasun7,,1,0,1,1,0,1,0,0,0,0,0.081181,0,7,0.000651,0,318,0,0.006205
55426628,55426628,,2,0,2,2,0,2,0,0,0,0,0.082333,0,7,0.000761,0,276,0.5,0.012411
SnoopyVan,SnoopyVan,,0,4,4,0,4,4,2,0.7,0.785714,0,0,0.007668,33,0.000646,0,624,0.166667,0
xianshenghe,xianshenghe,,4,0,4,4,0,4,0,0,0,0,0.005235,0,33,0.000944,0,79,0.166667,0.03742
56474762,56474762,,1,5,6,1,5,6,1,1,1,3,0.000628,0.00068,33,0.000784,0,623,0.1,0.002219
penny1210,penny1210,,1,0,1,1,0,1,0,0,0,0,0.002186,0,15,0.000702,0,33,0,0.021144
bnaglowlow,bnaglowlow,,1,0,1,1,0,1,0,0,0,0,0.081181,0,7,0.000651,0,317,0,0.006205
75837069,75837069,,2,0,2,2,0,2,0,0,0,0,0.00804,0,22,0.000749,0,170,1,0.078759
potatoshop,potatoshop,,0,4,4,0,4,4,2,0.7,0.785714,0,0,0.000466,52,0.000646,0,627,0,0
1949823,1949823,,1,0,1,1,0,1,0,0,0,0,0.000038,0,52,0.000784,0,626,0,0.002219
zoezzzoe,zoezzzoe,,1,0,1,1,0,1,0,0,0,0,0.000929,0,53,0.000674,0,468,0,0.002219
125509006,125509006,,1,0,1,1,0,1,0,0,0,0,0.001068,0,33,0.000661,0,114,0,0.013018
strikeyang,strikeyang,,1,0,1,1,0,1,0,0,0,0,0.081181,0,7,0.000651,0,316,0,0.006205
64996139,64996139,,1,0,1,1,0,1,0,0,0,0,0.000057,0,49,0.00083,0,539,0,0.002219
applefloral,applefloral,,1,0,1,1,0,1,0,0,0,0,0,0,49,0.001634,0,163,0,0.008134
xingxin6,xingxin6,,1,0,1,1,0,1,0,0,0,0,0.00019,0,26,0.000721,0,53,0,0.025273
sisonzhang,sisonzhang,,1,1,2,1,1,2,1,1,1,1,0.004561,0,50,0.00066,0,499,0,0.002219
57343152,57343152,,1,0,1,1,0,1,0,0,0,0,0,0,50,0.001207,0,498,0,0.004552
147958771,147958771,,0,1,1,0,1,1,1,1,1,0,0,0,51,0.000646,39,629,0,0
65374950,65374950,,1,0,1,1,0,1,0,0,0,0,0,0,51,0.001196,39,628,0,0.002219
thomasyang,thomasyang,,1,0,1,1,0,1,0,0,0,0,0.081181,0,7,0.000651,0,315,0,0.006205
Luv__,Luv__,,2,0,2,2,0,2,0,0,0,0,0.08839,0,49,0.000672,0,206,0,0.049192
michaelwu,michaelwu,,2,2,4,2,2,4,7,0.335135,0.371377,554,0.001937,0.000221,49,0.00122,0,543,0,0.012411
125546785,125546785,,1,0,1,1,0,1,0,0,0,0,0.001068,0,33,0.000661,0,113,0,0.013018
zzzheng_0713,zzzheng_0713,,1,1,2,1,1,2,2,0.666667,0.75,0,0.000006,0,53,0.001442,0,603,0,0.006205
huyuansheng,huyuansheng,,2,1,3,2,1,3,1,1,1,13,0.000015,0,26,0.001502,0,45,0,0.014657
QueenGround,QueenGround,,0,1,1,0,1,1,2,0.666667,0.75,0,0,0.000001,26,0.000646,0,630,0,0
153966583,153966583,,1,1,2,1,1,2,3,0.454545,0.533333,0,0,0,52,0.00284,0,360,0,0.022266
gavinleon,gavinleon,,1,0,1,1,0,1,0,0,0,0,0.081181,0,7,0.000651,0,314,0,0.006205
lanxiaotuan,lanxiaotuan,,3,1,4,3,1,4,1,1,1,4,0.000974,0,53,0.001625,0,455,0.083333,0.013369
2826706,2826706,,1,0,1,1,0,1,0,0,0,0,0,0,53,0.002028,0,454,0,0.012133
forevermy,forevermy,,1,0,1,1,0,1,0,0,0,0,0.081181,0,7,0.000651,0,313,0,0.006205
3383982,3383982,,1,0,1,1,0,1,0,0,0,0,0.081181,0,7,0.000651,0,312,0,0.006205
Bye_nobody,Bye_nobody,,2,0,2,2,0,2,0,0,0,0,0.08839,0,49,0.000672,0,205,0,0.049192
4442133,4442133,,1,0,1,1,0,1,0,0,0,0,0.001875,0,35,0.000725,0,570,0,0.004552
eryila,eryila,,1,0,1,1,0,1,0,0,0,0,0.002186,0,15,0.000702,0,32,0,0.021144
coco112,coco112,,1,0,1,1,0,1,0,0,0,0,0.081181,0,7,0.000651,0,311,0,0.006205
cloverjie,cloverjie,,4,0,4,4,0,4,0,0,0,0,0.010221,0,35,0.001557,0,112,0,0.066763
132120709,132120709,,1,0,1,1,0,1,0,0,0,0,0.000006,0,20,0.000686,0,407,0,0.002219
2278880,2278880,,1,0,1,1,0,1,0,0,0,0,0.081181,0,7,0.000651,0,310,0,0.006205
xifengshoumei,xifengshoumei,,4,1,5,4,1,5,2,0.666667,0.75,26,0.003376,0,26,0.003598,0,10,0,0.04719
53918266,53918266,,0,1,1,0,1,1,1,1,1,0,0,0,54,0.000646,40,632,0,0
double1991,double1991,,1,0,1,1,0,1,0,0,0,0,0,0,54,0.001196,40,631,0,0.002219
1419591,1419591,,0,2,2,0,2,2,1,1,1,0,0,0,55,0.000646,41,635,0,0
zai_a,zai_a,,1,0,1,1,0,1,0,0,0,0,0,0,55,0.000921,41,634,0,0.002219
45478417,45478417,,2,0,2,2,0,2,0,0,0,0,0.001075,0,33,0.00121,0,111,0,0.015238
BUNDLEE,BUNDLEE,,0,1,1,0,1,1,1,1,1,0,0,0.000088,33,0.000646,0,636,0,0
39744248,39744248,,1,0,1,1,0,1,0,0,0,0,0.00289,0,52,0.000668,0,9,0,0.002219
133433152,133433152,,1,1,2,1,1,2,1,1,1,1,0,0,56,0.001196,42,638,0,0.002219
62869273,62869273,,1,0,1,1,0,1,0,0,0,0,0,0,56,0.001663,42,637,0,0.004552
wohouhou,wohouhou,,1,0,1,1,0,1,0,0,0,0,0.081181,0,7,0.000651,0,309,0,0.006205
33970475,33970475,,1,0,1,1,0,1,0,0,0,0,0.081181,0,7,0.000651,0,308,0,0.006205
3995557,3995557,,0,1,1,0,1,1,1,1,1,0,0,0,57,0.000646,43,640,0,0
128020172,128020172,,1,0,1,1,0,1,0,0,0,0,0,0,57,0.001196,43,639,0,0.002219
2225652,2225652,,1,1,2,1,1,2,1,1,1,2,0.081181,0,7,0.000651,0,243,0,0.006205
ophl,ophl,,1,0,1,1,0,1,0,0,0,0,0,0,7,0.001199,0,242,0,0.006205
42795407,42795407,,1,0,1,1,0,1,0,0,0,0,0.004561,0,50,0.00066,0,505,0,0.002219
87713286,87713286,,1,0,1,1,0,1,0,0,0,0,0.081181,0,7,0.000651,0,307,0,0.006205
Amor-l,Amor-l,,1,0,1,1,0,1,0,0,0,0,0.007209,0,49,0.000668,0,204,0,0.042986
huasajun,huasajun,,1,0,1,1,0,1,0,0,0,0,0.081181,0,7,0.000651,0,306,0,0.006205
1234555,1234555,,1,0,1,1,0,1,0,0,0,0,0.007209,0,49,0.000668,0,203,0,0.042986
71170695,71170695,,1,0,1,1,0,1,0,0,0,0,0.001068,0,33,0.000661,0,110,0,0.013018
94766000,94766000,,4,0,4,4,0,4,0,0,0,0,0.008332,0,49,0.001052,0,176,0.166667,0.081782
35579397,35579397,,1,0,1,1,0,1,0,0,0,0,0.001875,0,35,0.000725,0,569,0,0.004552
58142666,58142666,,1,0,1,1,0,1,0,0,0,0,0.081181,0,7,0.000651,0,305,0,0.006205
dio007,dio007,,1,0,1,1,0,1,0,0,0,0,0.081181,0,7,0.000651,0,304,0,0.006205
WOW444321,WOW444321,,1,0,1,1,0,1,0,0,0,0,0.081181,0,7,0.000651,0,303,0,0.006205
hbgn,hbgn,,1,0,1,1,0,1,0,0,0,0,0.000056,0,33,0.00078,0,622,0,0.004552
jeft_bao,jeft_bao,,1,0,1,1,0,1,0,0,0,0,0.081181,0,7,0.000651,0,302,0,0.006205
cestlavie,cestlavie,,1,0,1,1,0,1,0,0,0,0,0.007209,0,49,0.000668,0,202,0,0.042986
52341431,52341431,,1,1,2,1,1,2,1,1,1,3,0.00076,0,27,0.000677,0,335,0,0.006205
whitenight629,whitenight629,,1,0,1,1,0,1,0,0,0,0,0,0,27,0.001222,0,334,0,0.006205
53708555,53708555,,1,0,1,1,0,1,0,0,0,0,0.081181,0,7,0.000651,0,301,0,0.006205
48317152,48317152,,1,0,1,1,0,1,0,0,0,0,0.007209,0,49,0.000668,0,201,0,0.042986
106189609,106189609,,3,0,3,3,0,3,0,0,0,0,0.089572,0,22,0.000782,0,200,0,0.051411
anitanine,anitanine,,1,0,1,1,0,1,0,0,0,0,0.081181,0,7,0.000651,0,300,0,0.006205
CleanCoder,CleanCoder,,2,0,2,2,0,2,0,0,0,0,0,0,27,0.00129,0,182,0,0.024827
147186266,147186266,,2,1,3,2,1,3,2,0.6,0.666667,3,0,0,20,0.004525,0,386,0,0.023984
77837992,77837992,,0,1,1,0,1,1,3,0.444444,0.541667,0,0,0,20,0.000646,0,641,0,0
61858967,61858967,,1,0,1,1,0,1,0,0,0,0,0.004561,0,50,0.00066,0,504,0,0.002219
72001309,72001309,,1,0,1,1,0,1,0,0,0,0,0.081181,0,7,0.000651,0,299,0,0.006205
81810971,81810971,,2,0,2,2,0,2,0,0,0,0,0.001088,0,33,0.001022,0,109,0,0.026516
liliangzhu1999,liliangzhu1999,,1,0,1,1,0,1,0,0,0,0,0.00019,0,26,0.000721,0,52,0,0.025273
55440318,55440318,,0,1,1,0,1,1,1,1,1,0,0,0,58,0.000646,44,643,0,0
151979051,151979051,,1,0,1,1,0,1,0,0,0,0,0,0,58,0.001196,44,642,0,0.002219
56647089,56647089,,1,0,1,1,0,1,0,0,0,0,0.081181,0,7,0.000651,0,296,0,0.006205
43332807,43332807,,1,0,1,1,0,1,0,0,0,0,0.003483,0,41,0.000658,0,78,0,0.01763
moifish1119,moifish1119,,1,1,2,1,1,2,2,0.666667,0.75,0,0.000069,0.000379,52,0.001543,0,503,0,0.011655
68340243,68340243,,1,0,1,1,0,1,0,0,0,0,0.081181,0,7,0.000651,0,295,0,0.006205
59738143,59738143,,1,0,1,1,0,1,0,0,0,0,0.081181,0,7,0.000651,0,294,0,0.006205
79902769,79902769,,0,1,1,0,1,1,1,1,1,0,0,0,59,0.000646,45,645,0,0
97369920,97369920,,1,0,1,1,0,1,0,0,0,0,0,0,59,0.001196,45,644,0,0.002219
28258091,28258091,,2,1,3,2,1,3,1,1,1,2,0.084661,0,7,0.00072,0,246,0.333333,0.012411
3741932,3741932,,1,0,1,1,0,1,0,0,0,0,0,0,7,0.001258,0,245,0,0.010191
40991156,40991156,,1,0,1,1,0,1,0,0,0,0,0.081181,0,7,0.000651,0,293,0,0.006205
M1022,M1022,,1,0,1,1,0,1,0,0,0,0,0.081181,0,7,0.000651,0,292,0,0.006205
1091757,1091757,,0,1,1,0,1,1,1,1,1,0,0,0,55,0.000646,41,646,0,0
148600246,148600246,,2,0,2,2,0,2,0,0,0,0,0,0,55,0.001471,41,633,0,0.004439
49205466,49205466,,1,0,1,1,0,1,0,0,0,0,0.007209,0,49,0.000668,0,199,0,0.042986
42137560,42137560,,1,0,1,1,0,1,0,0,0,0,0.081181,0,7,0.000651,0,291,0,0.006205
151732641,151732641,,1,0,1,1,0,1,0,0,0,0,0.001068,0,33,0.000661,0,108,0,0.013018
124408268,124408268,,1,0,1,1,0,1,0,0,0,0,0.001068,0,33,0.000661,0,107,0,0.013018
souryour,souryour,,0,1,1,0,1,1,1,1,1,0,0,0,60,0.000646,46,648,0,0
152597081,152597081,,1,0,1,1,0,1,0,0,0,0,0,0,60,0.001196,46,647,0,0.002219
3406206,3406206,,1,0,1,1,0,1,0,0,0,0,0.081181,0,7,0.000651,0,290,0,0.006205
ArmandaTan,ArmandaTan,,1,0,1,1,0,1,0,0,0,0,0.007209,0,49,0.000668,0,196,0,0.042986
128331031,128331031,,2,0,2,2,0,2,0,0,0,0,0.001744,0,33,0.000731,0,106,0,0.022051
3879960,3879960,,1,0,1,1,0,1,0,0,0,0,0.000274,0,26,0.000671,0,438,0,0.002219
85360234,85360234,,1,0,1,1,0,1,0,0,0,0,0.00076,0,27,0.000677,0,339,0,0.006205
46780949,46780949,,1,0,1,1,0,1,0,0,0,0,0.000274,0,26,0.000671,0,437,0,0.002219
qinggegeilife,qinggegeilife,,1,0,1,1,0,1,0,0,0,0,0.000831,0,22,0.000727,0,169,0,0.035772
104585689,104585689,,1,0,1,1,0,1,0,0,0,0,0.00076,0,27,0.000677,0,338,0,0.006205
moan717,moan717,,1,0,1,1,0,1,0,0,0,0,0.000007,0,33,0.000921,0,616,0,0.002219
141287823,141287823,,1,0,1,1,0,1,0,0,0,0,0.004561,0,50,0.00066,0,502,0,0.002219
38044585,38044585,,1,0,1,1,0,1,0,0,0,0,0.081181,0,7,0.000651,0,289,0,0.006205
66384380,66384380,,1,0,1,1,0,1,0,0,0,0,0.081181,0,7,0.000651,0,288,0,0.006205
84918070,84918070,,1,0,1,1,0,1,0,0,0,0,0.00019,0,26,0.000721,0,51,0,0.025273
63646887,63646887,,1,0,1,1,0,1,0,0,0,0,0.081181,0,7,0.000651,0,285,0,0.006205
stacy-hou,stacy-hou,,1,0,1,1,0,1,0,0,0,0,0.081181,0,7,0.000651,0,284,0,0.006205
6613910,6613910,,1,0,1,1,0,1,0,0,0,0,0.081181,0,7,0.000651,0,283,0,0.006205
40296024,40296024,,1,0,1,1,0,1,0,0,0,0,0.000053,0,49,0.000884,0,388,0,0.006205
44396522,44396522,,1,0,1,1,0,1,0,0,0,0,0.007209,0,49,0.000668,0,195,0,0.042986
142177645,142177645,,1,0,1,1,0,1,0,0,0,0,0.081181,0,7,0.000651,0,282,0,0.006205
48849875,48849875,,1,0,1,1,0,1,0,0,0,0,0.00289,0,52,0.000668,0,8,0,0.002219
jaimeerica,jaimeerica,,1,0,1,1,0,1,0,0,0,0,0.081181,0,7,0.000651,0,281,0,0.006205
lily_3,lily_3,,1,0,1,1,0,1,0,0,0,0,0.081181,0,7,0.000651,0,280,0,0.006205
121579323,121579323,,4,4,8,4,4,8,4,0.5,0.641667,6.666667,0,0,0,0.00442,1,156,0.666667,0.751249
144691759,144691759,,3,3,6,3,3,6,5,0.4,0.553333,0,0,0,0,0.003362,1,156,1,0.61364
122736540,122736540,,1,0,1,1,0,1,0,0,0,0,0.007209,0,49,0.000668,0,194,0,0.042986
51419685,51419685,,1,0,1,1,0,1,0,0,0,0,0.007209,0,49,0.000668,0,193,0,0.042986
ou9cfan,ou9cfan,,0,1,1,0,1,1,9,0.209474,0.230601,0,0,0,35,0.000646,0,649,0,0
nevernice,nevernice,,1,0,1,1,0,1,0,0,0,0,0.081181,0,7,0.000651,0,274,0,0.006205
ricker,ricker,,0,1,1,0,1,1,2,0.666667,0.75,0,0,0,56,0.000646,42,650,0,0
vashfish,vashfish,,0,1,1,0,1,1,1,1,1,0,0,0,61,0.000646,47,652,0,0
yeejame,yeejame,,1,0,1,1,0,1,0,0,0,0,0,0,61,0.001196,47,651,0,0.002219
45725150,45725150,,1,0,1,1,0,1,0,0,0,0,0.003483,0,41,0.000658,0,77,0,0.01763
he-xi,he-xi,,1,0,1,1,0,1,0,0,0,0,0.081181,0,7,0.000651,0,273,0,0.006205
nshen121,nshen121,,1,0,1,1,0,1,0,0,0,0,0.081181,0,7,0.000651,0,272,0,0.006205
72145072,72145072,,1,0,1,1,0,1,0,0,0,0,0.081181,0,7,0.000651,0,271,0,0.006205
58825123,58825123,,2,0,2,2,0,2,0,0,0,0,0.000588,0,53,0.001208,0,475,0,0.006772
cybrg,cybrg,,0,2,2,0,2,2,1,1,1,0,0,0.007123,53,0.000646,0,653,0,0
71865681,71865681,,1,0,1,1,0,1,0,0,0,0,0.081181,0,7,0.000651,0,270,0,0.006205
4074535,4074535,,0,1,1,0,1,1,1,1,1,0,0,0,62,0.000646,48,655,0,0
65085648,65085648,,1,0,1,1,0,1,0,0,0,0,0,0,62,0.001196,48,654,0,0.002219
Amanda-Z,Amanda-Z,,2,0,2,2,0,2,0,0,0,0,0.085742,0,50,0.000664,0,269,0,0.008425
35908220,35908220,,4,0,4,4,0,4,0,0,0,0,0.006496,0,41,0.001242,0,7,0.083333,0.03742
50413289,50413289,,3,0,3,3,0,3,0,0,0,0,0.086847,0,7,0.000775,0,29,0.333333,0.033555
2122074,2122074,,1,0,1,1,0,1,0,0,0,0,0,0,53,0.000933,0,470,0,0.004552
15035026,15035026,,1,0,1,1,0,1,0,0,0,0,0.081181,0,7,0.000651,0,268,0,0.006205
42487679,42487679,,1,0,1,1,0,1,0,0,0,0,0.081181,0,7,0.000651,0,267,0,0.006205
qqforeverqueen,qqforeverqueen,,1,0,1,1,0,1,0,0,0,0,0.007209,0,49,0.000668,0,192,0,0.042986
SantripM,SantripM,,1,0,1,1,0,1,0,0,0,0,0.003483,0,41,0.000658,0,76,0,0.01763
68588893,68588893,,1,0,1,1,0,1,0,0,0,0,0.081181,0,7,0.000651,0,266,0,0.006205
127692949,127692949,,1,1,2,1,1,2,1,1,1,0,0,0,63,0.004308,49,656,0,0.006205
1250672,1250672,,1,1,2,1,1,2,1,1,1,0,0,0,63,0.004308,49,656,0,0.006205
berryboo,berryboo,,1,0,1,1,0,1,0,0,0,0,0.002186,0,15,0.000702,0,28,0,0.021144
naryao,naryao,,1,0,1,1,0,1,0,0,0,0,0.001875,0,35,0.000725,0,568,0,0.004552
61861380,61861380,,1,0,1,1,0,1,0,0,0,0,0.000233,0,49,0.000765,0,393,0,0.010691
RATATKAIQI,RATATKAIQI,,1,0,1,1,0,1,0,0,0,0,0,0,43,0.00083,34,599,0,0.002219
hellozhaoyue,hellozhaoyue,,3,0,3,3,0,3,0,0,0,0,0.004761,0,19,0.001027,0,390,0,0.012404
fanrky,fanrky,,0,1,1,0,1,1,1,1,1,0,0,0,64,0.000646,50,658,0,0
130658738,130658738,,1,0,1,1,0,1,0,0,0,0,0,0,64,0.001196,50,657,0,0.002219
44651599,44651599,,1,0,1,1,0,1,0,0,0,0,0.000038,0,52,0.000784,0,625,0,0.002219
90745367,90745367,,2,0,2,2,0,2,0,0,0,0,0.002909,0,52,0.001217,0,6,0,0.004439
rocchow,rocchow,,0,1,1,0,1,1,1,1,1,0,0,0.000238,52,0.000646,0,659,0,0
62665475,62665475,,2,0,2,2,0,2,0,0,0,0,0.004594,0,26,0.000882,0,40,0,0.011801
znte,znte,,6,0,6,6,0,6,0,0,0,0,0.001833,0,33,0.002687,0,105,0.066667,0.047907
denee,denee,,1,1,2,1,1,2,1,1,1,0,0.000056,0.00015,33,0.00078,0,621,0.5,0.004552
beihuiguixian92,beihuiguixian92,,2,0,2,2,0,2,0,0,0,0,0.000602,0,27,0.001001,0,458,0,0.019623
53095027,53095027,,0,1,1,0,1,1,1,1,1,0,0,0,65,0.000646,51,661,0,0
70069884,70069884,,1,0,1,1,0,1,0,0,0,0,0,0,65,0.001196,51,660,0,0.002219
findingsea_ly,findingsea_ly,,1,1,2,1,1,2,1,1,1,0,0,0,66,0.004308,52,662,0,0.006205
63280608,63280608,,1,1,2,1,1,2,1,1,1,0,0,0,66,0.004308,52,662,0,0.006205
66544913,66544913,,1,0,1,1,0,1,0,0,0,0,0.004561,0,50,0.00066,0,501,0,0.002219
148708277,148708277,,2,0,2,2,0,2,0,0,0,0,0.000006,0,20,0.00096,0,406,0,0.004439
135515549,135515549,,1,0,1,1,0,1,0,0,0,0,0.00001,0,27,0.000715,0,457,0,0.002219
cullerrrrchen,cullerrrrchen,,1,0,1,1,0,1,0,0,0,0,0.004561,0,50,0.00066,0,500,0,0.002219
szlbanxia,szlbanxia,,3,0,3,3,0,3,0,0,0,0,0.085814,0,7,0.00083,0,265,0.5,0.018616
MissPrissy,MissPrissy,,1,0,1,1,0,1,0,0,0,0,0.000833,0,49,0.000728,0,173,0,0.025885
3506811,3506811,,1,0,1,1,0,1,0,0,0,0,0.002186,0,15,0.000702,0,27,0,0.021144
140092570,140092570,,2,0,2,2,0,2,0,0,0,0,0.001124,0,33,0.000794,0,104,0,0.017571
122050893,122050893,,1,0,1,1,0,1,0,0,0,0,0.001068,0,33,0.000661,0,103,0,0.013018
linlincheers,linlincheers,,1,0,1,1,0,1,0,0,0,0,0.003483,0,41,0.000658,0,75,0,0.01763
82724876,82724876,,2,0,2,2,0,2,0,0,0,0,0.000769,0,27,0.000746,0,337,0,0.008425
amigniox,amigniox,,1,0,1,1,0,1,0,0,0,0,0.007209,0,49,0.000668,0,191,0,0.042986
63266047,63266047,,1,0,1,1,0,1,0,0,0,0,0.00289,0,52,0.000668,0,5,0,0.002219
iscarecrow,iscarecrow,,1,0,1,1,0,1,0,0,0,0,0.000057,0,21,0.000886,0,532,0,0.01255
2246846,2246846,,1,0,1,1,0,1,0,0,0,0,0.00019,0,26,0.000721,0,48,0,0.025273
plkeke,plkeke,,1,1,2,1,1,2,1,1,1,2,0.081181,0,7,0.000651,0,264,0,0.006205
cocoon__d,cocoon__d,,2,0,2,2,0,2,0,0,0,0,0.081783,0,22,0.00096,0,171,0,0.020816
35739270,35739270,,1,0,1,1,0,1,0,0,0,0,0.00289,0,52,0.000668,0,4,0,0.002219
60406616,60406616,,1,0,1,1,0,1,0,0,0,0,0.000006,0,20,0.000686,0,405,0,0.002219
133871166,133871166,,1,0,1,1,0,1,0,0,0,0,0.000831,0,22,0.000727,0,168,0,0.035772
126621481,126621481,,1,0,1,1,0,1,0,0,0,0,0.002186,0,15,0.000702,0,26,0,0.021144
puppysora,puppysora,,1,0,1,1,0,1,0,0,0,0,0.004561,0,50,0.00066,0,497,0,0.002219
pkuno,pkuno,,0,1,1,0,1,1,1,1,1,0,0,0.000595,49,0.000646,0,663,0,0
sleepwalk,sleepwalk,,2,0,2,2,0,2,0,0,0,0,0.007258,0,49,0.001218,0,190,0,0.045206
43903711,43903711,,1,0,1,1,0,1,0,0,0,0,0.081181,0,7,0.000651,0,262,0,0.006205
63176913,63176913,,1,1,2,1,1,2,1,1,1,0,0,0,67,0.004308,53,664,0,0.006205
29616271,29616271,,1,1,2,1,1,2,1,1,1,0,0,0,67,0.004308,53,664,0,0.006205
Mflower,Mflower,,1,0,1,1,0,1,0,0,0,0,0.081181,0,7,0.000651,0,261,0,0.006205
huoxu_meng,huoxu_meng,,1,0,1,1,0,1,0,0,0,0,0.000084,0,53,0.000921,0,604,0,0.002219
p2pp,p2pp,,1,0,1,1,0,1,0,0,0,0,0.081181,0,7,0.000651,0,260,0,0.006205
feizi828,feizi828,,1,0,1,1,0,1,0,0,0,0,0.003483,0,41,0.000658,0,74,0,0.01763
shelley910920,shelley910920,,2,0,2,2,0,2,0,0,0,0,0.08194,0,27,0.000681,0,259,0.5,0.012411
60308661,60308661,,1,0,1,1,0,1,0,0,0,0,0.081181,0,7,0.000651,0,258,0,0.006205
84610412,84610412,,2,0,2,2,0,2,0,0,0,0,0.000463,0,26,0.000746,0,47,0,0.027492
44048973,44048973,,1,0,1,1,0,1,0,0,0,0,0.007209,0,49,0.000668,0,162,0,0.042986
nanaei1314,nanaei1314,,1,0,1,1,0,1,0,0,0,0,0.000676,0,33,0.000716,0,144,0,0.009032
vivian940725,vivian940725,,4,0,4,4,0,4,0,0,0,0,0.007409,0,21,0.001584,0,161,0,0.049644
Spikey,Spikey,,0,1,1,0,1,1,1,1,1,0,0,0.000607,21,0.000646,0,665,0,0
honeylu,honeylu,,1,0,1,1,0,1,0,0,0,0,0.00289,0,52,0.000668,0,3,0,0.002219
92838488,92838488,,1,0,1,1,0,1,0,0,0,0,0.00076,0,27,0.000677,0,336,0,0.006205
garymaycry,garymaycry,,0,1,1,0,1,1,1,1,1,0,0,0,68,0.000646,54,667,0,0
58175040,58175040,,1,0,1,1,0,1,0,0,0,0,0,0,68,0.001196,54,666,0,0.002219
LAURANOWHERE,LAURANOWHERE,,1,0,1,1,0,1,0,0,0,0,0.081181,0,7,0.000651,0,257,0,0.006205
4339556,4339556,,1,0,1,1,0,1,0,0,0,0,0.00289,0,52,0.000668,0,2,0,0.002219
42311891,42311891,,1,0,1,1,0,1,0,0,0,0,0.081181,0,7,0.000651,0,256,0,0.006205
52588688,52588688,,2,0,2,2,0,2,0,0,0,0,0.08407,0,52,0.000672,0,1,0,0.008425
1511035,1511035,,1,0,1,1,0,1,0,0,0,0,0.003483,0,41,0.000658,0,73,0,0.01763
62477374,62477374,,3,0,3,3,0,3,0,0,0,0,0.082925,0,33,0.000735,0,102,0.166667,0.028256
56571196,56571196,,1,0,1,1,0,1,0,0,0,0,0.081181,0,7,0.000651,0,255,0,0.006205
cuckoosj,cuckoosj,,3,0,3,3,0,3,0,0,0,0,0.086325,0,53,0.000939,0,254,0,0.010644
supanya02,supanya02,,2,0,2,2,0,2,0,0,0,0,0.083366,0,15,0.000706,0,25,0,0.027349
48440561,48440561,,1,0,1,1,0,1,0,0,0,0,0,0,49,0.001334,0,87,0,0.016772
65985132,65985132,,1,0,1,1,0,1,0,0,0,0,0.081181,0,7,0.000651,0,253,0,0.006205
qiqihhappy,qiqihhappy,,1,0,1,1,0,1,0,0,0,0,0.00289,0,52,0.000668,0,0,0,0.002219
58563930,58563930,,1,0,1,1,0,1,0,0,0,0,0.001068,0,33,0.000661,0,101,0,0.013018
2244215,2244215,,1,0,1,1,0,1,0,0,0,0,0.000929,0,53,0.000674,0,467,0,0.002219
vrush,vrush,,1,0,1,1,0,1,0,0,0,0,0.081181,0,7,0.000651,0,252,0,0.006205
vulperz,vulperz,,1,0,1,1,0,1,0,0,0,0,0.001068,0,33,0.000661,0,100,0,0.013018
20001670,20001670,,1,0,1,1,0,1,0,0,0,0,0.081181,0,7,0.000651,0,251,0,0.006205
150535538,150535538,,1,1,2,1,1,2,1,1,1,0,0,0,69,0.004308,55,668,0,0.006205
53220116,53220116,,1,1,2,1,1,2,1,1,1,0,0,0,69,0.004308,55,668,0,0.006205
lifepark,lifepark,,1,0,1,1,0,1,0,0,0,0,0.001068,0,33,0.000661,0,99,0,0.013018
tsdphilia,tsdphilia,,2,0,2,2,0,2,0,0,0,0,0.007399,0,26,0.000743,0,46,0,0.068259
hudali,hudali,,1,0,1,1,0,1,0,0,0,0,0.000274,0,26,0.000671,0,436,0,0.002219
46680020,46680020,,1,0,1,1,0,1,0,0,0,0,0.000116,0,19,0.000739,0,389,0,0.007966
82848537,82848537,,1,0,1,1,0,1,0,0,0,0,0.004561,0,50,0.00066,0,496,0,0.002219
152432539,152432539,,1,1,2,1,1,2,5,0.277778,0.351667,0,0,0,0,0.00245,1,156,0,0.020664
92329236,92329236,,0,1,1,0,1,1,1,1,1,0,0,0,70,0.000646,56,670,0,0
86584992,86584992,,1,0,1,1,0,1,0,0,0,0,0,0,70,0.001196,56,669,0,0.002219
3941049,3941049,,2,0,2,2,0,2,0,0,0,0,0.010692,0,41,0.00068,0,72,0.5,0.060616
78470796,78470796,,1,1,2,1,1,2,1,1,1,0,0,0,71,0.004308,57,671,0,0.006205
102483922,102483922,,1,1,2,1,1,2,1,1,1,0,0,0,71,0.004308,57,671,0,0.006205
2896151,2896151,,1,0,1,1,0,1,0,0,0,0,0.007209,0,49,0.000668,0,160,0,0.042986
141566878,141566878,,1,0,1,1,0,1,0,0,0,0,0.004561,0,50,0.00066,0,495,0,0.002219
littleec,littleec,,1,0,1,1,0,1,0,0,0,0,0.081181,0,7,0.000651,0,250,0,0.006205
120679276,120679276,,2,0,2,2,0,2,0,0,0,0,0.001744,0,33,0.000731,0,98,0,0.022051
2438543,2438543,,1,0,1,1,0,1,0,0,0,0,0,0,7,0.001199,0,263,0,0.006205
27744141,27744141,,2,0,2,2,0,2,0,0,0,0,0.001301,0,49,0.000779,0,97,0,0.023709
x_echo,x_echo,,1,0,1,1,0,1,0,0,0,0,0.007209,0,49,0.000668,0,159,0,0.042986
48791919,48791919,,1,0,1,1,0,1,0,0,0,0,0.081181,0,7,0.000651,0,249,0,0.006205
137185586,137185586,,1,0,1,1,0,1,0,0,0,0,0.002186,0,15,0.000702,0,24,0,0.021144
145700061,145700061,,1,0,1,1,0,1,0,0,0,0,0.004561,0,50,0.00066,0,494,0,0.002219
hututu429,hututu429,,1,0,1,1,0,1,0,0,0,0,0.004561,0,50,0.00066,0,493,0,0.002219
80570664,80570664,,1,0,1,1,0,1,0,0,0,0,0.00076,0,27,0.000677,0,333,0,0.006205
141526513,141526513,,1,0,1,1,0,1,0,0,0,0,0.001068,0,33,0.000661,0,96,0,0.013018
124848153,124848153,,1,0,1,1,0,1,0,0,0,0,0.000006,0,20,0.000686,0,404,0,0.002219
58797190,58797190,,1,0,1,1,0,1,0,0,0,0,0.081181,0,7,0.000651,0,248,0,0.006205
63652853,63652853,,1,0,1,1,0,1,0,0,0,0,0.081181,0,7,0.000651,0,247,0,0.006205
143199848,143199848,,1,0,1,1,0,1,0,0,0,0,0.004561,0,50,0.00066,0,492,0,0.002219
71905731,71905731,,1,0,1,1,0,1,0,0,0,0,0.001152,0,7,0.000757,0,275,0,0.006205
1021139,1021139,,1,0,1,1,0,1,0,0,0,0,0.002186,0,15,0.000702,0,23,0,0.021144
4891594,4891594,,1,0,1,1,0,1,0,0,0,0,0.00076,0,27,0.000677,0,332,0,0.006205
57941793,57941793,,1,0,1,1,0,1,0,0,0,0,0.002186,0,15,0.000702,0,22,0,0.021144
umi-kumo,umi-kumo,,1,0,1,1,0,1,0,0,0,0,0.00076,0,27,0.000677,0,331,0,0.006205
69479460,69479460,,1,0,1,1,0,1,0,0,0,0,0.004561,0,50,0.00066,0,491,0,0.002219
34699714,34699714,,0,1,1,0,1,1,1,1,1,0,0,0,72,0.000646,58,673,0,0
14369952,14369952,,1,0,1,1,0,1,0,0,0,0,0,0,72,0.001196,58,672,0,0.002219
68877251,68877251,,1,0,1,1,0,1,0,0,0,0,0.004561,0,50,0.00066,0,490,0,0.002219
31575703,31575703,,1,0,1,1,0,1,0,0,0,0,0.000006,0,20,0.000686,0,403,0,0.002219
orange_tt,orange_tt,,0,1,1,0,1,1,1,1,1,0,0,0,73,0.000646,59,675,0,0
3974198,3974198,,1,0,1,1,0,1,0,0,0,0,0,0,73,0.001196,59,674,0,0.002219
zhengtaochang,zhengtaochang,,1,0,1,1,0,1,0,0,0,0,0.002186,0,15,0.000702,0,21,0,0.021144
cloudstyle,cloudstyle,,4,0,4,4,0,4,0,0,0,0,0.085869,0,35,0.000921,0,20,0,0.034121
59198180,59198180,,1,0,1,1,0,1,0,0,0,0,0.081181,0,7,0.000651,0,244,0,0.006205
57954109,57954109,,1,0,1,1,0,1,0,0,0,0,0.081181,0,7,0.000651,0,241,0,0.006205
yuxiaorui,yuxiaorui,,0,1,1,0,1,1,1,1,1,0,0,0.000303,26,0.000646,0,676,0,0
68894222,68894222,,3,0,3,3,0,3,0,0,0,0,0.003697,0,26,0.001283,0,43,0,0.045122
stephanielv,stephanielv,,1,0,1,1,0,1,0,0,0,0,0.000274,0,26,0.000671,0,435,0,0.002219
88217804,88217804,,0,1,1,0,1,1,1,1,1,0,0,0,74,0.000646,60,678,0,0
154298852,154298852,,1,0,1,1,0,1,0,0,0,0,0,0,74,0.001196,60,677,0,0.002219
leepenng,leepenng,,1,0,1,1,0,1,0,0,0,0,0.003483,0,41,0.000658,0,71,0,0.01763
OrangeKing,OrangeKing,,1,0,1,1,0,1,0,0,0,0,0,0,26,0.001923,0,44,0,0.010104
62982311,62982311,,2,0,2,2,0,2,0,0,0,0,0.085742,0,50,0.000664,0,240,0,0.008425
96666360,96666360,,1,0,1,1,0,1,0,0,0,0,0.001068,0,33,0.000661,0,95,0,0.013018
40973378,40973378,,1,0,1,1,0,1,0,0,0,0,0,0,38,0.000921,30,580,0,0.002219
139886373,139886373,,2,0,2,2,0,2,0,0,0,0,0.08211,0,53,0.000678,0,239,0,0.008425
sylvansea,sylvansea,,1,0,1,1,0,1,0,0,0,0,0.000006,0,22,0.00083,0,550,0,0.002219
119936602,119936602,,1,0,1,1,0,1,0,0,0,0,0.081181,0,7,0.000651,0,238,0,0.006205
47537834,47537834,,1,0,1,1,0,1,0,0,0,0,0.00076,0,27,0.000677,0,330,0,0.006205
amber_L,amber_L,,3,1,4,3,1,4,1,1,1,17,0.007492,0,49,0.004814,0,158,0,0.06684
darwin0618,darwin0618,,1,1,2,1,1,2,1,1,1,0,0,0.000614,49,0.004738,0,158,0,0.029042
46914336,46914336,,1,1,2,1,1,2,1,1,1,0,0,0,75,0.004308,61,679,0,0.006205
DaisyQian,DaisyQian,,1,1,2,1,1,2,1,1,1,0,0,0,75,0.004308,61,679,0,0.006205
61420594,61420594,,0,1,1,0,1,1,1,1,1,0,0,0,76,0.000646,62,681,0,0
143722162,143722162,,1,0,1,1,0,1,0,0,0,0,0,0,76,0.001196,62,680,0,0.002219
81481225,81481225,,1,0,1,1,0,1,0,0,0,0,0.000833,0,49,0.000728,0,172,0,0.025885
innocent_sin,innocent_sin,,1,0,1,1,0,1,0,0,0,0,0.000044,0,41,0.000929,0,374,0,0.008538
47720270,47720270,,1,0,1,1,0,1,0,0,0,0,0.007209,0,49,0.000668,0,157,0,0.042986
121622673,121622673,,1,0,1,1,0,1,0,0,0,0,0.000002,0,26,0.000784,0,429,0,0.002219
lanyangyangdecc,lanyangyangdecc,,4,0,4,4,0,4,0,0,0,0,0.003978,0,26,0.001065,0,39,0.083333,0.057559
edwin41,edwin41,,1,0,1,1,0,1,0,0,0,0,0.001875,0,35,0.000725,0,567,0,0.004552
54857793,54857793,,1,0,1,1,0,1,0,0,0,0,0.081181,0,7,0.000651,0,237,0,0.006205
bianlun,bianlun,,1,0,1,1,0,1,0,0,0,0,0.000274,0,26,0.000671,0,434,0,0.002219
134744380,134744380,,1,0,1,1,0,1,0,0,0,0,0.000929,0,53,0.000674,0,466,0,0.002219
66715908,66715908,,1,0,1,1,0,1,0,0,0,0,0.081181,0,7,0.000651,0,236,0,0.006205
134204098,134204098,,1,0,1,1,0,1,0,0,0,0,0.000004,0,53,0.000933,0,474,0,0.004552
152920881,152920881,,1,0,1,1,0,1,0,0,0,0,0.004561,0,50,0.00066,0,489,0,0.002219
3860022,3860022,,1,0,1,1,0,1,0,0,0,0,0.081181,0,7,0.000651,0,235,0,0.006205
Danron,Danron,,1,1,2,1,1,2,0,0,0,0,0,0,77,0.000646,63,682,0,0.006205
